ranking,player,age,points,tourn_played,year
1,Stefan Edberg,25,0,0,1991
2,Jim Courier,21,0,0,1991
3,Boris Becker,24,0,0,1991
4,Michael Stich,23,0,0,1991
5,Ivan Lendl,31,0,0,1991
6,Pete Sampras,20,0,0,1991
7,Guy Forget,26,0,0,1991
8,Karel Novacek,26,0,0,1991
9,Petr Korda,23,0,0,1991
10,Andre Agassi,21,0,0,1991
11,Sergi Bruguera,20,0,0,1991
12,Magnus Gustafsson,24,0,0,1991
13,Derrick Rostagno,26,0,0,1991
14,Emilio Sanchez,26,0,0,1991
15,Michael Chang,19,0,0,1991
16,Goran Ivanisevic,20,0,0,1991
17,David Wheaton,22,0,0,1991
18,Goran Prpic,27,0,0,1991
19,Brad Gilbert,30,0,0,1991
20,Jakob Hlasek,27,0,0,1991
21,Andrei Cherkasov,21,0,0,1991
22,Alberto Mancini,22,0,0,1991
23,Jordi Arrese,27,0,0,1991
24,Omar Camporese,23,0,0,1991
25,Alexander Volkov,24,0,0,1991
26,Jan Siemerink,21,0,0,1991
27,Richey Reneberg,26,0,0,1991
28,John McEnroe,32,0,0,1991
29,Jonas Svensson,25,0,0,1991
30,Francisco Clavet,23,0,0,1991
31,Andrei Chesnokov,25,0,0,1991
32,Javier Sanchez,23,0,0,1991
33,Horst Skoff,23,0,0,1991
34,Aaron Krickstein,24,0,0,1991
35,Thomas Muster,24,0,0,1991
36,Patrick McEnroe,25,0,0,1991
37,Paul Haarhuis,25,0,0,1991
38,Carl-Uwe Steeb,24,0,0,1991
39,Olivier Delaitre,24,0,0,1991
40,Guillermo Perez-Roldan,22,0,0,1991
41,Wayne Ferreira,20,0,0,1991
42,Cristiano Caratti,21,0,0,1991
43,Fabrice Santoro,19,0,0,1991
44,Christian Bergstrom,24,0,0,1991
45,Richard Krajicek,20,0,0,1991
46,Martin Jaite,27,0,0,1991
47,Anders Jarryd,30,0,0,1991
48,Thierry Champion,25,0,0,1991
49,Jimmy Connors,39,0,0,1991
50,MaliVai Washington,22,0,0,1991
51,Cedric Pioline,22,0,0,1991
52,Renzo Furlan,21,0,0,1991
53,Jaime Yzaga,24,0,0,1991
54,Arnaud Boetsch,22,0,0,1991
55,Carlos Costa,23,0,0,1991
56,Wally Masur,28,0,0,1991
57,Markus Zoecke,23,0,0,1991
58,Kevin Curren,33,0,0,1991
59,Frederic Fontang,21,0,0,1991
60,Marc Rosset,21,0,0,1991
61,Magnus Larsson,21,0,0,1991
62,Amos Mansdorf,26,0,0,1991
63,Jimmy Arias,27,0,0,1991
64,Jaime Oncins,21,0,0,1991
65,Stefano Pescosolido,20,0,0,1991
66,Gabriel Markus,21,0,0,1991
67,Javier Frana,25,0,0,1991
68,Christo Van Rensburg,29,0,0,1991
69,Shuzo Matsuoka,24,0,0,1991
70,Andres Gomez,31,0,0,1991
71,Mark Koevermans,23,0,0,1991
72,Bryan Shelton,26,0,0,1991
73,Jean-Philippe Fleurian,26,0,0,1991
74,Ronald Agenor,27,0,0,1991
75,Jason Stoltenberg,21,0,0,1991
76,Gianluca Pozzi,26,0,0,1991
77,Todd Woodbridge,20,0,0,1991
78,Lars Jonsson,21,0,0,1991
79,Grant Connell,26,0,0,1991
80,Nicklas Kulti,20,0,0,1991
81,German Lopez,20,0,0,1991
82,Patrick Baur,26,0,0,1991
83,Christian Miniussi,24,0,0,1991
84,Christian Saceanu,23,0,0,1991
85,Michiel Schapers,32,0,0,1991
86,Patrik Kuhnen,25,0,0,1991
87,Jim Grabb,27,0,0,1991
88,Mark Woodforde,26,0,0,1991
89,Lars Koslowski,20,0,0,1991
90,Bart Wuyts,22,0,0,1991
91,Darren Cahill,26,0,0,1991
92,Rodolphe Gilbert,23,0,0,1991
93,Roberto Azar,25,0,0,1991
94,Jan Gunnarsson,29,0,0,1991
95,Richard Fromberg,21,0,0,1991
96,Tomas Carbonell,23,0,0,1991
97,Marian Vajda,26,0,0,1991
98,Veli Paloheimo,24,0,0,1991
99,Eduardo Masso,27,0,0,1991
100,Fernando Roese,26,0,0,1991
1,Jim Courier,22,0,0,1992
2,Stefan Edberg,26,0,0,1992
3,Pete Sampras,21,0,0,1992
4,Goran Ivanisevic,21,0,0,1992
5,Boris Becker,25,0,0,1992
6,Michael Chang,20,0,0,1992
7,Petr Korda,24,0,0,1992
8,Ivan Lendl,32,0,0,1992
9,Andre Agassi,22,0,0,1992
10,Richard Krajicek,21,0,0,1992
11,Guy Forget,27,0,0,1992
12,Wayne Ferreira,21,0,0,1992
13,MaliVai Washington,23,0,0,1992
14,Carlos Costa,24,0,0,1992
15,Michael Stich,24,0,0,1992
16,Sergi Bruguera,21,0,0,1992
17,Alexander Volkov,25,0,0,1992
18,Thomas Muster,25,0,0,1992
19,Henrik Holm,24,0,0,1992
20,John McEnroe,33,0,0,1992
21,Emilio Sanchez,27,0,0,1992
22,Francisco Clavet,24,0,0,1992
23,Karel Novacek,27,0,0,1992
24,Andrei Medvedev,18,0,0,1992
25,Amos Mansdorf,27,0,0,1992
26,Brad Gilbert,31,0,0,1992
27,Arnaud Boetsch,23,0,0,1992
28,Aaron Krickstein,25,0,0,1992
29,Carl-Uwe Steeb,25,0,0,1992
30,Andrei Chesnokov,26,0,0,1992
31,Alberto Mancini,23,0,0,1992
32,Andrei Cherkasov,22,0,0,1992
33,Cedric Pioline,23,0,0,1992
34,Magnus Larsson,22,0,0,1992
35,Marc Rosset,22,0,0,1992
36,Jakob Hlasek,28,0,0,1992
37,Jordi Arrese,28,0,0,1992
38,Wally Masur,29,0,0,1992
39,Paul Haarhuis,26,0,0,1992
40,Mark Woodforde,27,0,0,1992
41,Javier Sanchez,24,0,0,1992
42,Omar Camporese,24,0,0,1992
43,Fabrice Santoro,20,0,0,1992
44,David Wheaton,23,0,0,1992
45,Jeff Tarango,24,0,0,1992
46,Franco Davin,22,0,0,1992
47,Magnus Gustafsson,25,0,0,1992
48,Jaime Oncins,22,0,0,1992
49,Jaime Yzaga,25,0,0,1992
50,Guillermo Perez-Roldan,23,0,0,1992
51,Luiz Mattar,29,0,0,1992
52,Bernd Karbacher,24,0,0,1992
53,Renzo Furlan,22,0,0,1992
54,Todd Woodbridge,21,0,0,1992
55,Jim Grabb,28,0,0,1992
56,Gabriel Markus,22,0,0,1992
57,Jan Siemerink,22,0,0,1992
58,Christian Bergstrom,25,0,0,1992
59,Luis Herrera,21,0,0,1992
60,Marcelo Filippini,25,0,0,1992
61,Henri Leconte,29,0,0,1992
62,Stefano Pescosolido,21,0,0,1992
63,Thomas Enqvist,18,0,0,1992
64,Shuzo Matsuoka,25,0,0,1992
65,Tomas Carbonell,24,0,0,1992
66,Goran Prpic,28,0,0,1992
67,Marcos Ondruska,20,0,0,1992
68,Gianluca Pozzi,27,0,0,1992
69,Kenneth Carlsen,19,0,0,1992
70,Rodolphe Gilbert,24,0,0,1992
71,Sandon Stolle,22,0,0,1992
72,Francisco Roig,24,0,0,1992
73,Brett Steven,23,0,0,1992
74,Bart Wuyts,23,0,0,1992
75,Derrick Rostagno,27,0,0,1992
76,Olivier Delaitre,25,0,0,1992
77,Markus Naewie,22,0,0,1992
78,Jacco Eltingh,22,0,0,1992
79,Nicklas Kulti,21,0,0,1992
80,Andrei Olhovskiy,26,0,0,1992
81,Jonas Svensson,26,0,0,1992
82,Gilbert Schaller,23,0,0,1992
83,Richard Fromberg,22,0,0,1992
84,Jimmy Connors,40,0,0,1992
85,Jonathan Stark,21,0,0,1992
86,Alex Corretja,18,0,0,1992
87,Todd Martin,22,0,0,1992
88,Diego Nargiso,22,0,0,1992
89,Patrik Kuhnen,26,0,0,1992
90,Karsten Braasch,25,0,0,1992
91,Martin Damm,20,0,0,1992
92,Horst Skoff,24,0,0,1992
93,Guillaume Raoux,22,0,0,1992
94,Simon Youl,27,0,0,1992
95,Richey Reneberg,27,0,0,1992
96,Roberto Azar,26,0,0,1992
97,Claudio Mezzadri,27,0,0,1992
98,Thierry Champion,26,0,0,1992
99,Leonardo Lavalle,25,0,0,1992
100,Bryan Shelton,27,0,0,1992
1,Pete Sampras,22,0,0,1993
2,Michael Stich,25,0,0,1993
3,Jim Courier,23,0,0,1993
4,Sergi Bruguera,22,0,0,1993
5,Stefan Edberg,27,0,0,1993
6,Andrei Medvedev,19,0,0,1993
7,Goran Ivanisevic,22,0,0,1993
8,Michael Chang,21,0,0,1993
9,Thomas Muster,26,0,0,1993
10,Cedric Pioline,24,0,0,1993
11,Boris Becker,26,0,0,1993
12,Petr Korda,25,0,0,1993
13,Todd Martin,23,0,0,1993
14,Magnus Gustafsson,26,0,0,1993
15,Richard Krajicek,22,0,0,1993
16,Marc Rosset,23,0,0,1993
17,Karel Novacek,28,0,0,1993
18,Alexander Volkov,26,0,0,1993
19,Ivan Lendl,33,0,0,1993
20,Arnaud Boetsch,24,0,0,1993
21,Wally Masur,30,0,0,1993
22,Wayne Ferreira,22,0,0,1993
23,MaliVai Washington,24,0,0,1993
24,Andre Agassi,23,0,0,1993
25,Amos Mansdorf,28,0,0,1993
26,Carlos Costa,25,0,0,1993
27,Andrei Chesnokov,27,0,0,1993
28,Mark Woodforde,28,0,0,1993
29,Mikael Pernfors,30,0,0,1993
30,Richey Reneberg,28,0,0,1993
31,Jaime Yzaga,26,0,0,1993
32,Marc-Kevin Goellner,23,0,0,1993
33,Jonas Svensson,27,0,0,1993
34,Javier Sanchez,25,0,0,1993
35,Brad Gilbert,32,0,0,1993
36,Alberto Berasategui,20,0,0,1993
37,Andrei Cherkasov,23,0,0,1993
38,Jonathan Stark,22,0,0,1993
39,Magnus Larsson,23,0,0,1993
40,Richard Fromberg,23,0,0,1993
41,Emilio Sanchez,28,0,0,1993
42,Paul Haarhuis,27,0,0,1993
43,Brett Steven,24,0,0,1993
44,Jason Stoltenberg,23,0,0,1993
45,Aaron Krickstein,26,0,0,1993
46,Nicklas Kulti,22,0,0,1993
47,Marcos Ondruska,21,0,0,1993
48,Henrik Holm,25,0,0,1993
49,Javier Frana,27,0,0,1993
50,Greg Rusedski,20,0,0,1993
51,Younes El Aynaoui,22,0,0,1993
52,Christian Bergstrom,26,0,0,1993
53,Jan Siemerink,23,0,0,1993
54,David Wheaton,24,0,0,1993
55,Fabrice Santoro,21,0,0,1993
56,Jordi Burillo,21,0,0,1993
57,Bernd Karbacher,25,0,0,1993
58,Ronald Agenor,29,0,0,1993
59,Stefano Pescosolido,22,0,0,1993
60,Andrea Gaudenzi,20,0,0,1993
61,Jordi Arrese,29,0,0,1993
62,Karsten Braasch,26,0,0,1993
63,Jacco Eltingh,23,0,0,1993
64,Jamie Morgan,22,0,0,1993
65,Andrei Olhovskiy,27,0,0,1993
66,Patrick Rafter,20,0,0,1993
67,Anders Jarryd,32,0,0,1993
68,Slava Dosedel,23,0,0,1993
69,Chuck Adams,22,0,0,1993
70,Luiz Mattar,30,0,0,1993
71,Jakob Hlasek,29,0,0,1993
72,Renzo Furlan,23,0,0,1993
73,Patrick McEnroe,27,0,0,1993
74,Horst Skoff,25,0,0,1993
75,Stephane Simian,26,0,0,1993
76,Alex Corretja,19,0,0,1993
77,David Prinosil,20,0,0,1993
78,Gilbert Schaller,24,0,0,1993
79,Horacio De La Pena,27,0,0,1993
80,Martin Damm,21,0,0,1993
81,Rodolphe Gilbert,25,0,0,1993
82,Guillermo Perez-Roldan,24,0,0,1993
83,Olivier Delaitre,26,0,0,1993
84,Byron Black,24,0,0,1993
85,Guillaume Raoux,23,0,0,1993
86,Grant Stafford,22,0,0,1993
87,Marcelo Filippini,26,0,0,1993
88,Thomas Enqvist,19,0,0,1993
89,Tomas Carbonell,25,0,0,1993
90,Alex Antonitsch,27,0,0,1993
91,Jeff Tarango,25,0,0,1993
92,Kenneth Carlsen,20,0,0,1993
93,Derrick Rostagno,28,0,0,1993
94,Carl-Uwe Steeb,26,0,0,1993
95,David Rikl,22,0,0,1993
96,Jonas Bjorkman,21,0,0,1993
97,Bryan Shelton,28,0,0,1993
98,Jeremy Bates,31,0,0,1993
99,Fernando Meligeni,22,0,0,1993
100,Francisco Clavet,25,0,0,1993
1,Pete Sampras,23,0,0,1994
2,Andre Agassi,24,0,0,1994
3,Boris Becker,27,0,0,1994
4,Sergi Bruguera,23,0,0,1994
5,Goran Ivanisevic,23,0,0,1994
6,Michael Chang,22,0,0,1994
7,Stefan Edberg,28,0,0,1994
8,Alberto Berasategui,21,0,0,1994
9,Michael Stich,26,0,0,1994
10,Todd Martin,24,0,0,1994
11,Yevgeny Kafelnikov,20,0,0,1994
12,Wayne Ferreira,23,0,0,1994
13,Jim Courier,24,0,0,1994
14,Marc Rosset,24,0,0,1994
15,Andrei Medvedev,20,0,0,1994
16,Thomas Muster,27,0,0,1994
17,Richard Krajicek,23,0,0,1994
18,Petr Korda,26,0,0,1994
19,Magnus Larsson,24,0,0,1994
20,Patrick Rafter,21,0,0,1994
21,Jason Stoltenberg,24,0,0,1994
22,Alex Corretja,20,0,0,1994
23,Jacco Eltingh,24,0,0,1994
24,Andrea Gaudenzi,21,0,0,1994
25,Alexander Volkov,27,0,0,1994
26,Bernd Karbacher,26,0,0,1994
27,Carlos Costa,26,0,0,1994
28,Karel Novacek,29,0,0,1994
29,Slava Dosedel,24,0,0,1994
30,MaliVai Washington,25,0,0,1994
31,Jaime Yzaga,27,0,0,1994
32,Andrei Chesnokov,28,0,0,1994
33,Magnus Gustafsson,27,0,0,1994
34,Richey Reneberg,29,0,0,1994
35,Aaron Krickstein,27,0,0,1994
36,Jared Palmer,23,0,0,1994
37,Paul Haarhuis,28,0,0,1994
38,Francisco Clavet,26,0,0,1994
39,David Wheaton,25,0,0,1994
40,Guy Forget,29,0,0,1994
41,Renzo Furlan,24,0,0,1994
42,Javier Sanchez,26,0,0,1994
43,Mark Woodforde,29,0,0,1994
44,Chuck Adams,23,0,0,1994
45,Daniel Vacek,23,0,0,1994
46,Fabrice Santoro,22,0,0,1994
47,Horst Skoff,26,0,0,1994
48,Gilbert Schaller,25,0,0,1994
49,Olivier Delaitre,27,0,0,1994
50,Jonas Bjorkman,22,0,0,1994
51,Cedric Pioline,25,0,0,1994
52,Albert Costa,19,0,0,1994
53,Arnaud Boetsch,25,0,0,1994
54,Karol Kucera,20,0,0,1994
55,Ivan Lendl,34,0,0,1994
56,Karsten Braasch,27,0,0,1994
57,Markus Zoecke,26,0,0,1994
58,Richard Fromberg,24,0,0,1994
59,Thomas Enqvist,20,0,0,1994
60,Marcelo Filippini,27,0,0,1994
61,Franco Davin,24,0,0,1994
62,Tomas Carbonell,26,0,0,1994
63,Lionel Roux,21,0,0,1994
64,Hendrik Dreekmann,19,0,0,1994
65,Jonathan Stark,23,0,0,1994
66,Byron Black,25,0,0,1994
67,Henrik Holm,26,0,0,1994
68,Jim Grabb,30,0,0,1994
69,Amos Mansdorf,29,0,0,1994
70,Jakob Hlasek,30,0,0,1994
71,Ronald Agenor,30,0,0,1994
72,Patrick McEnroe,28,0,0,1994
73,Luiz Mattar,31,0,0,1994
74,Emilio Sanchez,29,0,0,1994
75,Vincent Spadea,20,0,0,1994
76,Brad Gilbert,33,0,0,1994
77,Jeremy Bates,32,0,0,1994
78,Jeff Tarango,26,0,0,1994
79,Marc-Kevin Goellner,24,0,0,1994
80,David Rikl,23,0,0,1994
81,Jan Siemerink,24,0,0,1994
82,Cristiano Caratti,24,0,0,1994
83,Oscar Martinez,20,0,0,1994
84,Christian Ruud,22,0,0,1994
85,Bryan Shelton,29,0,0,1994
86,Jordi Arrese,30,0,0,1994
87,Brett Steven,25,0,0,1994
88,Karim Alami,21,0,0,1994
89,Carl-Uwe Steeb,27,0,0,1994
90,Todd Woodbridge,23,0,0,1994
91,Fernando Meligeni,23,0,0,1994
92,Joern Renzenbrink,22,0,0,1994
93,Gianluca Pozzi,29,0,0,1994
94,Henri Leconte,31,0,0,1994
95,Jan Apell,25,0,0,1994
96,Jean-Philippe Fleurian,29,0,0,1994
97,Andrei Olhovskiy,28,0,0,1994
98,Marcos Ondruska,22,0,0,1994
99,Nicklas Kulti,23,0,0,1994
100,Martin Damm,22,0,0,1994
1,Pete Sampras,24,0,0,1995
2,Andre Agassi,25,0,0,1995
3,Thomas Muster,28,0,0,1995
4,Boris Becker,28,0,0,1995
5,Michael Chang,23,0,0,1995
6,Yevgeny Kafelnikov,21,0,0,1995
7,Thomas Enqvist,21,0,0,1995
8,Jim Courier,25,0,0,1995
9,Wayne Ferreira,24,0,0,1995
10,Goran Ivanisevic,24,0,0,1995
11,Richard Krajicek,24,0,0,1995
12,Michael Stich,27,0,0,1995
13,Sergi Bruguera,24,0,0,1995
14,Arnaud Boetsch,26,0,0,1995
15,Marc Rosset,25,0,0,1995
16,Andrei Medvedev,21,0,0,1995
17,Magnus Larsson,25,0,0,1995
18,Todd Martin,25,0,0,1995
19,Paul Haarhuis,29,0,0,1995
20,Gilbert Schaller,26,0,0,1995
21,Jan Siemerink,25,0,0,1995
22,Andrea Gaudenzi,22,0,0,1995
23,Stefan Edberg,29,0,0,1995
24,Albert Costa,20,0,0,1995
25,Marcelo Rios,19,0,0,1995
26,MaliVai Washington,26,0,0,1995
27,Daniel Vacek,24,0,0,1995
28,Bohdan Ulihrach,20,0,0,1995
29,Renzo Furlan,25,0,0,1995
30,Jonas Bjorkman,23,0,0,1995
31,Carlos Costa,27,0,0,1995
32,Alberto Berasategui,22,0,0,1995
33,Todd Woodbridge,24,0,0,1995
34,Patrick McEnroe,29,0,0,1995
35,Jakob Hlasek,31,0,0,1995
36,Javier Sanchez,27,0,0,1995
37,Greg Rusedski,22,0,0,1995
38,Mark Philippoussis,19,0,0,1995
39,Bernd Karbacher,27,0,0,1995
40,Byron Black,26,0,0,1995
41,Petr Korda,27,0,0,1995
42,Brett Steven,26,0,0,1995
43,Jacco Eltingh,25,0,0,1995
44,David Wheaton,26,0,0,1995
45,Jordi Burillo,23,0,0,1995
46,Mats Wilander,31,0,0,1995
47,Alexander Volkov,28,0,0,1995
48,Alex Corretja,21,0,0,1995
49,Francisco Clavet,27,0,0,1995
50,David Prinosil,22,0,0,1995
51,Mark Woodforde,30,0,0,1995
52,Jordi Arrese,31,0,0,1995
53,Jiri Novak,20,0,0,1995
54,Cedric Pioline,26,0,0,1995
55,Martin Sinner,27,0,0,1995
56,Adrian Voinea,21,0,0,1995
57,Richey Reneberg,30,0,0,1995
58,Javier Frana,28,0,0,1995
59,Martin Damm,23,0,0,1995
60,Slava Dosedel,25,0,0,1995
61,Carlos Moya,19,0,0,1995
62,Hernan Gumy,23,0,0,1995
63,Shuzo Matsuoka,28,0,0,1995
64,Fernando Meligeni,24,0,0,1995
65,Filip Dewulf,23,0,0,1995
66,Patrick Rafter,22,0,0,1995
67,Carl-Uwe Steeb,28,0,0,1995
68,Stefano Pescosolido,24,0,0,1995
69,Sjeng Schalken,19,0,0,1995
70,Aaron Krickstein,28,0,0,1995
71,Guy Forget,30,0,0,1995
72,Kenneth Carlsen,22,0,0,1995
73,Karim Alami,22,0,0,1995
74,Tomas Carbonell,27,0,0,1995
75,Christian Ruud,23,0,0,1995
76,Jeff Tarango,27,0,0,1995
77,Guillaume Raoux,25,0,0,1995
78,Marc-Kevin Goellner,25,0,0,1995
79,Karol Kucera,21,0,0,1995
80,Jason Stoltenberg,25,0,0,1995
81,Vincent Spadea,21,0,0,1995
82,Henrik Holm,27,0,0,1995
83,David Rikl,24,0,0,1995
84,Magnus Gustafsson,28,0,0,1995
85,Richard Fromberg,25,0,0,1995
86,Jan Apell,26,0,0,1995
87,Scott Draper,21,0,0,1995
88,Jerome Golmard,22,0,0,1995
89,Andrei Chesnokov,29,0,0,1995
90,Nuno Marques,25,0,0,1995
91,Kris Goossens,21,0,0,1995
92,Felix Mantilla,21,0,0,1995
93,Hendrik Dreekmann,20,0,0,1995
94,Michael Tebbutt,25,0,0,1995
95,Tim Henman,21,0,0,1995
96,Lionel Roux,22,0,0,1995
97,Jan Kroslak,21,0,0,1995
98,Olivier Delaitre,28,0,0,1995
99,Frederik Fetterlein,25,0,0,1995
100,Jonathan Stark,24,0,0,1995
1,Pete Sampras,25,"4,865",17,1996
2,Michael Chang,24,"3,597",21,1996
3,Yevgeny Kafelnikov,22,"3,564",27,1996
4,Goran Ivanisevic,25,"3,492",27,1996
5,Thomas Muster,29,"3,166",27,1996
6,Boris Becker,29,"2,983",17,1996
7,Richard Krajicek,25,"2,380",23,1996
8,Andre Agassi,26,"2,364",14,1996
9,Thomas Enqvist,22,"2,191",28,1996
10,Wayne Ferreira,25,"2,149",26,1996
11,Marcelo Rios,21,"2,114",26,1996
12,Todd Martin,26,"2,039",21,1996
13,Albert Costa,21,"1,757",29,1996
14,Stefan Edberg,30,"1,567",26,1996
15,Jan Siemerink,26,"1,530",28,1996
16,Michael Stich,28,"1,518",15,1996
17,Magnus Gustafsson,29,"1,515",20,1996
18,Felix Mantilla,22,"1,505",33,1996
19,Alberto Berasategui,23,"1,477",32,1996
20,MaliVai Washington,27,"1,472",22,1996
21,Cedric Pioline,27,"1,455",21,1996
22,Marc Rosset,26,"1,406",26,1996
23,Alex Corretja,22,"1,385",26,1996
24,Petr Korda,28,"1,332",18,1996
25,Paul Haarhuis,30,"1,312",27,1996
26,Jim Courier,26,"1,299",17,1996
27,Mark Woodforde,31,"1,287",24,1996
28,Carlos Moya,20,"1,283",32,1996
29,Tim Henman,22,"1,243",24,1996
30,Mark Philippoussis,20,"1,242",23,1996
31,Jason Stoltenberg,26,"1,226",26,1996
32,Richey Reneberg,31,"1,203",25,1996
33,Arnaud Boetsch,27,"1,183",25,1996
34,Francisco Clavet,28,"1,118",30,1996
35,Andrei Medvedev,22,"1,114",23,1996
36,Todd Woodbridge,25,"1,039",23,1996
37,Javier Sanchez,28,"1,024",37,1996
38,Alex O'Brien,26,"1,000",17,1996
39,David Prinosil,23,994,25,1996
40,Renzo Furlan,26,993,26,1996
41,Bohdan Ulihrach,21,965,31,1996
42,Hernan Gumy,24,903,30,1996
43,Chris Woodruff,23,902,21,1996
44,Byron Black,27,886,27,1996
45,Adrian Voinea,22,885,26,1996
46,Magnus Larsson,26,881,23,1996
47,Mikael Tillstrom,24,875,19,1996
48,Greg Rusedski,23,871,26,1996
49,Hendrik Dreekmann,21,870,23,1996
50,Martin Damm,24,859,30,1996
51,Guy Forget,31,850,24,1996
52,Jiri Novak,21,830,25,1996
53,Marc-Kevin Goellner,26,821,24,1996
54,Vincent Spadea,22,787,25,1996
55,Andrea Gaudenzi,23,787,26,1996
56,Karim Alami,23,777,30,1996
57,Bernd Karbacher,28,775,27,1996
58,Sandon Stolle,26,768,24,1996
59,Christian Ruud,24,764,29,1996
60,Thomas Johansson,21,763,25,1996
61,Carlos Costa,28,754,24,1996
62,Patrick Rafter,24,741,20,1996
63,Karol Kucera,22,734,27,1996
64,Nicklas Kulti,25,725,20,1996
65,Sjeng Schalken,20,718,27,1996
66,Slava Dosedel,26,717,15,1996
67,Roberto Carretero,21,716,24,1996
68,Jonathan Stark,25,712,20,1996
69,Jonas Bjorkman,24,710,25,1996
70,Younes El Aynaoui,25,704,25,1996
71,Daniel Vacek,25,661,28,1996
72,Guillaume Raoux,26,651,22,1996
73,Kenneth Carlsen,23,636,26,1996
74,Jakob Hlasek,32,629,26,1996
75,Tomas Carbonell,28,627,28,1996
76,Richard Fromberg,26,620,30,1996
77,Alex Radulescu,22,617,22,1996
78,Dominik Hrbaty,18,608,20,1996
79,Hicham Arazi,23,605,32,1996
80,Javier Frana,30,600,20,1996
81,Marcelo Filippini,29,597,22,1996
82,Sergi Bruguera,25,590,19,1996
83,Grant Stafford,25,585,21,1996
84,Juan Albert Viloca-Puig,23,583,23,1996
85,Andrei Chesnokov,30,575,30,1996
86,Magnus Norman,20,559,23,1996
87,Patrik Fredriksson,23,559,25,1996
88,Gustavo Kuerten,20,556,23,1996
89,Michael Joyce,23,554,28,1996
90,Andrei Olhovskiy,30,550,21,1996
91,Johan Van Herck,22,544,29,1996
92,Stephane Simian,29,527,22,1996
93,Gilbert Schaller,27,519,29,1996
94,Fernando Meligeni,25,514,23,1996
95,Scott Draper,22,514,26,1996
96,Filip Dewulf,24,513,33,1996
97,Galo Blanco,20,506,29,1996
98,Alexander Volkov,29,496,22,1996
99,Jordi Burillo,24,492,26,1996
100,Brett Steven,27,490,12,1996
1,Pete Sampras,26,"4,547",16,1997
2,Patrick Rafter,25,"3,210",26,1997
3,Michael Chang,25,"3,189",22,1997
4,Jonas Bjorkman,25,"2,949",26,1997
5,Yevgeny Kafelnikov,23,"2,690",27,1997
6,Greg Rusedski,24,"2,617",22,1997
7,Carlos Moya,21,"2,508",29,1997
8,Sergi Bruguera,26,"2,367",25,1997
9,Thomas Muster,30,"2,353",23,1997
10,Marcelo Rios,22,"2,317",26,1997
11,Richard Krajicek,26,"2,299",22,1997
12,Alex Corretja,23,"2,275",26,1997
13,Petr Korda,29,"2,261",24,1997
14,Gustavo Kuerten,21,"2,215",26,1997
15,Goran Ivanisevic,26,"2,176",23,1997
16,Felix Mantilla,23,"2,110",27,1997
17,Tim Henman,23,"1,929",26,1997
18,Mark Philippoussis,21,"1,809",21,1997
19,Albert Costa,22,"1,778",22,1997
20,Cedric Pioline,28,"1,534",25,1997
21,Jim Courier,27,"1,528",22,1997
22,Magnus Norman,21,"1,450",27,1997
23,Alberto Berasategui,24,"1,425",31,1997
24,Karol Kucera,23,"1,423",30,1997
25,Magnus Larsson,27,"1,376",21,1997
26,Todd Woodbridge,26,"1,319",20,1997
27,Andrei Medvedev,23,"1,314",24,1997
28,Thomas Enqvist,23,"1,312",22,1997
29,Fabrice Santoro,25,"1,267",28,1997
30,Chris Woodruff,24,"1,234",22,1997
31,Marc Rosset,27,"1,222",32,1997
32,Nicolas Kiefer,20,"1,209",20,1997
33,Francisco Clavet,29,"1,198",28,1997
34,Bohdan Ulihrach,22,"1,143",29,1997
35,Albert Portas,24,"1,083",26,1997
36,Julian Alonso,20,"1,006",23,1997
37,Magnus Gustafsson,30,990,19,1997
38,Hicham Arazi,24,960,31,1997
39,Thomas Johansson,22,959,29,1997
40,Dominik Hrbaty,19,952,30,1997
41,Filip Dewulf,25,942,26,1997
42,Wayne Ferreira,26,910,22,1997
43,Slava Dosedel,27,899,20,1997
44,Marcelo Filippini,30,886,29,1997
45,Tommy Haas,19,885,19,1997
46,Mark Woodforde,32,866,25,1997
47,Guillaume Raoux,27,861,27,1997
48,Jiri Novak,22,848,23,1997
49,Jeff Tarango,29,843,30,1997
50,Brett Steven,28,817,20,1997
51,Marc-Kevin Goellner,27,812,34,1997
52,Galo Blanco,21,790,30,1997
53,Daniel Vacek,26,782,30,1997
54,Javier Sanchez,29,776,36,1997
55,Karim Alami,24,748,33,1997
56,Carlos Costa,29,739,31,1997
57,Andrea Gaudenzi,24,739,34,1997
58,Scott Draper,23,735,24,1997
59,Sjeng Schalken,21,725,29,1997
60,Lionel Roux,24,721,29,1997
61,Martin Damm,25,718,26,1997
62,Boris Becker,30,715,12,1997
63,Nicolas Lapentti,21,715,29,1997
64,Michael Stich,29,711,13,1997
65,Christian Ruud,25,708,25,1997
66,Johan Van Herck,23,694,24,1997
67,Fernando Meligeni,26,691,27,1997
68,Mikael Tillstrom,25,677,24,1997
69,Sargis Sargsian,24,669,31,1997
70,Paul Haarhuis,31,666,25,1997
71,Alex Radulescu,23,665,29,1997
72,Juan Albert Viloca-Puig,24,655,34,1997
73,Richey Reneberg,32,654,20,1997
74,Grant Stafford,26,649,24,1997
75,Kenneth Carlsen,24,640,29,1997
76,Byron Black,28,633,26,1997
77,Richard Fromberg,27,631,32,1997
78,Jan Siemerink,27,622,28,1997
79,Jason Stoltenberg,27,617,17,1997
80,Dinu Pescariu,23,584,28,1997
81,Todd Martin,27,579,8,1997
82,Tomas Nydahl,29,570,24,1997
83,Sandon Stolle,27,555,21,1997
84,Hernan Gumy,25,545,28,1997
85,Jan Kroslak,23,542,22,1997
86,Oliver Gross,24,542,24,1997
87,Juan Antonio Marin,22,537,29,1997
88,Vincent Spadea,23,536,31,1997
89,David Prinosil,24,533,26,1997
90,Jordi Burillo,25,532,27,1997
91,Hendrik Dreekmann,22,525,25,1997
92,Marcello Craca,23,523,25,1997
93,Nicolas Escude,21,521,17,1997
94,Arnaud Clement,20,520,24,1997
95,Davide Sanguinetti,25,519,27,1997
96,Jonathan Stark,26,507,23,1997
97,Gilbert Schaller,28,504,29,1997
98,Alex O'Brien,27,489,28,1997
99,Wayne Black,24,486,18,1997
100,Renzo Furlan,27,486,28,1997
1,Pete Sampras,27,"3,915",22,1998
2,Marcelo Rios,23,"3,670",23,1998
3,Alex Corretja,24,"3,398",24,1998
4,Patrick Rafter,25,"3,315",26,1998
5,Carlos Moya,22,"3,159",24,1998
6,Andre Agassi,28,"2,879",20,1998
7,Tim Henman,24,"2,620",29,1998
8,Karol Kucera,24,"2,579",25,1998
9,Greg Rusedski,25,"2,573",25,1998
10,Richard Krajicek,27,"2,548",18,1998
11,Yevgeny Kafelnikov,24,"2,515",31,1998
12,Goran Ivanisevic,27,"2,137",28,1998
13,Petr Korda,30,"2,114",21,1998
14,Albert Costa,23,"1,823",26,1998
15,Mark Philippoussis,22,"1,792",19,1998
16,Todd Martin,28,"1,774",22,1998
17,Thomas Johansson,23,"1,761",30,1998
18,Cedric Pioline,29,"1,710",25,1998
19,Jan Siemerink,28,"1,669",26,1998
20,Felix Mantilla,24,"1,643",26,1998
21,Alberto Berasategui,25,"1,556",27,1998
22,Thomas Enqvist,24,"1,500",17,1998
23,Gustavo Kuerten,22,"1,472",26,1998
24,Jonas Bjorkman,26,"1,439",24,1998
25,Thomas Muster,31,"1,344",20,1998
26,Wayne Ferreira,27,"1,285",24,1998
27,Jason Stoltenberg,28,"1,280",23,1998
28,Byron Black,29,"1,259",26,1998
29,Michael Chang,26,"1,242",18,1998
30,Francisco Clavet,30,"1,216",28,1998
31,Marc Rosset,28,"1,201",28,1998
32,Magnus Gustafsson,31,"1,187",24,1998
33,Bohdan Ulihrach,23,"1,077",30,1998
34,Tommy Haas,20,"1,044",26,1998
35,Nicolas Kiefer,21,"1,007",25,1998
36,Hicham Arazi,25,999,27,1998
37,Nicolas Escude,22,989,21,1998
38,Jan-Michael Gambill,21,983,24,1998
39,Mariano Puerta,20,983,26,1998
40,Richard Fromberg,28,937,35,1998
41,Fabrice Santoro,26,935,27,1998
42,Vincent Spadea,24,935,27,1998
43,Magnus Larsson,28,930,16,1998
44,Andrea Gaudenzi,25,926,26,1998
45,Younes El Aynaoui,27,894,15,1998
46,Dominik Hrbaty,20,884,29,1998
47,Jerome Golmard,25,883,25,1998
48,Davide Sanguinetti,26,853,30,1998
49,Marat Safin,18,852,23,1998
50,Daniel Vacek,27,842,32,1998
51,Scott Draper,24,819,18,1998
52,Magnus Norman,22,818,31,1998
53,Guillaume Raoux,28,803,27,1998
54,Fernando Vicente,21,799,33,1998
55,Filip Dewulf,26,789,22,1998
56,Ramon Delgado,22,784,28,1998
57,Fernando Meligeni,27,779,26,1998
58,Mark Woodforde,33,773,25,1998
59,Andrew Ilie,22,757,26,1998
60,Franco Squillari,23,747,29,1998
61,Gianluca Pozzi,33,730,34,1998
62,Andrei Medvedev,24,725,23,1998
63,Mariano Zabaleta,20,723,20,1998
64,Slava Dosedel,28,723,22,1998
65,Todd Woodbridge,27,722,22,1998
66,Sjeng Schalken,22,712,32,1998
67,Carlos Costa,30,710,29,1998
68,Andrei Pavel,24,710,30,1998
69,Boris Becker,31,688,11,1998
70,Juan Antonio Marin,23,678,35,1998
71,Adrian Voinea,24,676,19,1998
72,Karim Alami,25,676,26,1998
73,Jeff Tarango,30,675,33,1998
74,Paul Haarhuis,32,674,20,1998
75,Jiri Novak,23,669,27,1998
76,Martin Damm,26,657,29,1998
77,Jim Courier,28,635,18,1998
78,David Prinosil,25,633,26,1998
79,Sebastien Lareau,25,622,22,1998
80,Justin Gimelstob,21,615,19,1998
81,Arnaud Di Pasquale,19,613,21,1998
82,Galo Blanco,22,612,30,1998
83,Kenneth Carlsen,25,606,27,1998
84,Albert Portas,25,600,33,1998
85,Mikael Tillstrom,26,588,23,1998
86,Christian Ruud,26,584,28,1998
87,Hendrik Dreekmann,23,576,22,1998
88,Sebastien Grosjean,20,568,27,1998
89,Jan Kroslak,24,563,27,1998
90,Nicolas Lapentti,22,545,31,1998
91,Leander Paes,25,535,21,1998
92,Brett Steven,29,528,20,1998
93,Stefan Koubek,21,526,28,1998
94,Wayne Black,25,518,26,1998
95,Guillermo Canas,21,516,27,1998
96,Martin Rodriguez,29,516,29,1998
97,Oliver Gross,25,514,27,1998
98,Sargis Sargsian,25,499,28,1998
99,John van Lottum,22,488,26,1998
100,Lleyton Hewitt,17,482,19,1998
1,Andre Agassi,29,"5,048",17,1999
2,Yevgeny Kafelnikov,25,"3,465",30,1999
3,Pete Sampras,28,"3,024",13,1999
4,Thomas Enqvist,25,"2,606",26,1999
5,Gustavo Kuerten,23,"2,601",24,1999
6,Nicolas Kiefer,22,"2,447",23,1999
7,Todd Martin,29,"2,408",17,1999
8,Nicolas Lapentti,23,"2,284",23,1999
9,Marcelo Rios,24,"2,245",19,1999
10,Richard Krajicek,28,"2,095",21,1999
11,Tommy Haas,21,"1,921",23,1999
12,Tim Henman,25,"1,920",25,1999
13,Cedric Pioline,30,"1,814",29,1999
14,Greg Rusedski,26,"1,802",23,1999
15,Magnus Norman,23,"1,748",27,1999
16,Patrick Rafter,26,"1,731",17,1999
17,Karol Kucera,25,"1,633",21,1999
18,Albert Costa,24,"1,572",25,1999
19,Mark Philippoussis,23,"1,570",17,1999
20,Vincent Spadea,25,"1,542",26,1999
21,Dominik Hrbaty,21,"1,499",27,1999
22,Felix Mantilla,25,"1,458",22,1999
23,Carlos Moya,23,"1,445",22,1999
24,Marat Safin,19,"1,437",30,1999
25,Lleyton Hewitt,18,"1,429",19,1999
26,Alex Corretja,25,"1,319",22,1999
27,Sebastien Grosjean,21,"1,298",26,1999
28,Mariano Zabaleta,21,"1,258",31,1999
29,Fernando Meligeni,28,"1,247",26,1999
30,Andrei Medvedev,25,"1,184",23,1999
31,Karim Alami,26,"1,175",28,1999
32,Jim Courier,29,"1,071",20,1999
33,Younes El Aynaoui,28,"1,068",26,1999
34,Fabrice Santoro,27,"1,055",26,1999
35,Jerome Golmard,26,"1,024",13,1999
36,Hicham Arazi,26,"1,008",28,1999
37,Nicolas Escude,23,995,23,1999
38,Francisco Clavet,31,986,29,1999
39,Thomas Johansson,24,977,24,1999
40,Jiri Novak,24,973,27,1999
41,Andrei Pavel,25,962,26,1999
42,Juan Carlos Ferrero,19,956,19,1999
43,Daniel Vacek,28,953,33,1999
44,Sjeng Schalken,23,950,28,1999
45,Marc Rosset,29,947,28,1999
46,Stefan Koubek,22,947,31,1999
47,Arnaud Di Pasquale,20,890,31,1999
48,Rainer Schuettler,23,881,30,1999
49,Fernando Vicente,22,875,32,1999
50,Michael Chang,27,874,23,1999
51,Chris Woodruff,26,852,20,1999
52,Franco Squillari,24,849,33,1999
53,Wayne Ferreira,28,846,25,1999
54,Andrew Ilie,23,845,34,1999
55,Jeff Tarango,31,814,29,1999
56,Arnaud Clement,22,805,27,1999
57,Alberto Martin,21,805,28,1999
58,Jan-Michael Gambill,22,803,27,1999
59,Sargis Sargsian,26,796,29,1999
60,Magnus Gustafsson,32,779,21,1999
61,Alberto Berasategui,26,775,28,1999
62,Goran Ivanisevic,28,772,27,1999
63,Slava Dosedel,29,763,22,1999
64,Roger Federer,18,749,22,1999
65,Byron Black,30,745,25,1999
66,David Prinosil,26,745,25,1999
67,Christian Ruud,27,718,20,1999
68,Hernan Gumy,27,701,29,1999
69,John van Lottum,23,677,28,1999
70,Juan Antonio Marin,24,661,33,1999
71,Guillermo Canas,22,657,32,1999
72,Gaston Gaudio,21,640,27,1999
73,Jonas Bjorkman,27,639,24,1999
74,Max Mirnyi,22,637,20,1999
75,Galo Blanco,23,635,34,1999
76,Markus Hipfl,21,607,31,1999
77,Ivan Ljubicic,20,581,26,1999
78,Richard Fromberg,29,572,20,1999
79,Mikael Tillstrom,27,564,19,1999
80,Jason Stoltenberg,29,562,18,1999
81,George Bastl,24,561,25,1999
82,Justin Gimelstob,22,550,31,1999
83,Antony Dupuis,26,548,32,1999
84,Andrea Gaudenzi,26,546,25,1999
85,Kenneth Carlsen,26,540,23,1999
86,Daniel Nestor,27,539,20,1999
87,Laurence Tieleman,27,539,27,1999
88,Jan Siemerink,29,531,26,1999
89,Paul Goldstein,23,531,27,1999
90,Albert Portas,26,528,28,1999
91,Jens Knippschild,24,525,24,1999
92,Jacobo Diaz,23,520,28,1999
93,Cecil Mamiit,23,502,26,1999
94,Gianluca Pozzi,34,502,34,1999
95,Magnus Larsson,29,498,18,1999
96,Ronald Agenor,35,492,28,1999
97,Nicolas Massu,20,488,21,1999
98,Andreas Vinciguerra,18,486,16,1999
99,Paradorn Srichaphan,20,485,21,1999
100,Adrian Voinea,25,478,28,1999
1,Gustavo Kuerten,24,"4,195",23,2000
2,Marat Safin,20,"4,120",30,2000
3,Pete Sampras,29,"3,385",16,2000
4,Magnus Norman,24,"3,110",26,2000
5,Yevgeny Kafelnikov,26,"2,935",32,2000
6,Andre Agassi,30,"2,765",19,2000
7,Lleyton Hewitt,19,"2,625",21,2000
8,Alex Corretja,26,"2,475",25,2000
9,Thomas Enqvist,26,"2,210",25,2000
10,Tim Henman,26,"2,020",26,2000
11,Mark Philippoussis,24,"1,865",23,2000
12,Juan Carlos Ferrero,20,"1,840",27,2000
13,Wayne Ferreira,29,"1,770",23,2000
14,Franco Squillari,25,"1,598",27,2000
15,Patrick Rafter,27,"1,535",21,2000
16,Cedric Pioline,31,"1,520",24,2000
17,Dominik Hrbaty,22,"1,395",29,2000
18,Arnaud Clement,23,"1,360",29,2000
19,Sebastien Grosjean,22,"1,325",28,2000
20,Nicolas Kiefer,23,"1,265",23,2000
21,Mariano Puerta,22,"1,235",23,2000
22,Sjeng Schalken,24,"1,163",27,2000
23,Tommy Haas,22,"1,145",23,2000
24,Nicolas Lapentti,24,"1,130",28,2000
25,Younes El Aynaoui,29,"1,125",29,2000
26,Albert Costa,25,"1,115",25,2000
27,Andrei Pavel,26,"1,105",30,2000
28,Marc Rosset,30,"1,080",27,2000
29,Roger Federer,19,"1,080",29,2000
30,Hicham Arazi,27,"1,060",27,2000
31,Fabrice Santoro,28,"1,040",28,2000
32,Michael Chang,28,"1,040",27,2000
33,Jan-Michael Gambill,23,"1,030",26,2000
34,Gaston Gaudio,22,995,26,2000
35,Byron Black,31,960,26,2000
36,Richard Krajicek,29,950,19,2000
37,Marcelo Rios,24,950,25,2000
38,David Prinosil,27,945,21,2000
39,Thomas Johansson,25,930,28,2000
40,Max Mirnyi,23,880,29,2000
41,Carlos Moya,24,870,24,2000
42,Jerome Golmard,27,856,27,2000
43,Gianluca Pozzi,35,854,30,2000
44,Jonas Bjorkman,28,845,27,2000
45,Rainer Schuettler,24,835,29,2000
46,Vladimir Voltchkov,22,830,16,2000
47,Fernando Vicente,23,825,34,2000
48,Nicolas Escude,24,805,25,2000
49,Francisco Clavet,32,795,31,2000
50,Andrew Ilie,24,775,30,2000
51,Albert Portas,27,760,28,2000
52,Andreas Vinciguerra,19,760,25,2000
53,Jiri Novak,25,755,26,2000
54,Stefan Koubek,23,755,28,2000
55,Todd Martin,30,740,16,2000
56,Alex Calatrava,27,731,28,2000
57,Karim Alami,27,725,30,2000
58,Andrei Medvedev,26,680,20,2000
59,Harel Levy,22,677,26,2000
60,Arnaud Di Pasquale,21,660,29,2000
61,Mariano Zabaleta,22,645,28,2000
62,Agustin Calleri,24,633,17,2000
63,Juan Ignacio Chela,21,632,21,2000
64,Slava Dosedel,30,619,23,2000
65,Davide Sanguinetti,28,609,34,2000
66,Jason Stoltenberg,30,606,15,2000
67,Chris Woodruff,27,590,23,2000
68,Olivier Rochus,19,582,24,2000
69,Greg Rusedski,27,575,24,2000
70,Julien Boutter,26,575,27,2000
71,Juan Balcells,25,566,23,2000
72,Markus Hantschk,23,562,27,2000
73,Karol Kucera,26,555,22,2000
74,Christophe Rochus,22,540,30,2000
75,Magnus Larsson,30,540,16,2000
76,Bohdan Ulihrach,25,536,27,2000
77,Jiri Vanek,22,532,29,2000
78,Martin Damm,28,530,23,2000
79,Alberto Martin,22,518,32,2000
80,Mikael Tillstrom,28,518,18,2000
81,Paul Goldstein,24,517,27,2000
82,Magnus Gustafsson,33,515,20,2000
83,Wayne Arthurs,29,513,26,2000
84,Richard Fromberg,30,507,25,2000
85,Sergi Bruguera,29,504,21,2000
86,Alexander Popp,24,500,21,2000
87,Nicolas Massu,21,496,29,2000
88,Guillermo Coria,18,492,18,2000
89,David Sanchez,22,490,21,2000
90,Hyung-Taik Lee,24,484,21,2000
91,Ivan Ljubicic,21,484,27,2000
92,German Puentes,28,451,30,2000
93,Michel Kratochvil,21,440,29,2000
94,Sargis Sargsian,27,433,29,2000
95,Raemon Sluiter,22,433,25,2000
96,Michal Tabara,21,424,21,2000
97,Justin Gimelstob,23,420,21,2000
98,Daniel Elsner,21,412,22,2000
99,Felix Mantilla,26,410,17,2000
100,Fernando Meligeni,29,409,27,2000
1,Lleyton Hewitt,20,"4,365",22,2001
2,Gustavo Kuerten,25,"3,855",21,2001
3,Andre Agassi,31,"3,520",20,2001
4,Yevgeny Kafelnikov,27,"3,090",28,2001
5,Juan Carlos Ferrero,21,"3,040",23,2001
6,Sebastien Grosjean,23,"2,790",25,2001
7,Patrick Rafter,29,"2,785",18,2001
8,Tommy Haas,23,"2,285",25,2001
9,Tim Henman,27,"2,100",22,2001
10,Pete Sampras,30,"1,940",18,2001
11,Marat Safin,21,"1,920",25,2001
12,Goran Ivanisevic,30,"1,761",23,2001
13,Roger Federer,20,"1,745",23,2001
14,Andy Roddick,19,"1,573",21,2001
15,Guillermo Canas,24,"1,572",24,2001
16,Alex Corretja,27,"1,525",25,2001
17,Arnaud Clement,24,"1,475",25,2001
18,Thomas Johansson,26,"1,375",25,2001
19,Carlos Moya,25,"1,310",24,2001
20,Albert Portas,28,"1,220",29,2001
21,Jan-Michael Gambill,24,"1,215",25,2001
22,Fabrice Santoro,29,"1,210",26,2001
23,Nicolas Lapentti,25,"1,170",24,2001
24,Thomas Enqvist,27,"1,165",22,2001
25,Hicham Arazi,28,"1,155",23,2001
26,Sjeng Schalken,25,"1,140",28,2001
27,Nicolas Escude,25,"1,130",24,2001
28,Andrei Pavel,27,"1,105",27,2001
29,Jiri Novak,26,"1,091",23,2001
30,Tommy Robredo,19,"1,080",26,2001
31,Greg Rusedski,28,"1,075",25,2001
32,Bohdan Ulihrach,26,"1,055",27,2001
33,Xavier Malisse,21,"1,045",24,2001
34,Andreas Vinciguerra,20,"1,025",27,2001
35,Max Mirnyi,24,"1,015",26,2001
36,Dominik Hrbaty,23,"1,005",31,2001
37,Ivan Ljubicic,22,982,26,2001
38,Younes El Aynaoui,30,973,26,2001
39,Marcelo Rios,26,965,25,2001
40,Albert Costa,26,960,24,2001
41,Alberto Martin,23,933,28,2001
42,Nicolas Kiefer,24,920,25,2001
43,Rainer Schuettler,25,885,32,2001
44,Guillermo Coria,19,875,22,2001
45,Felix Mantilla,27,850,27,2001
46,Michel Kratochvil,22,836,27,2001
47,David Nalbandian,19,795,23,2001
48,Gaston Gaudio,23,760,24,2001
49,Magnus Norman,25,740,21,2001
50,Jerome Golmard,28,722,24,2001
51,Francisco Clavet,33,715,28,2001
52,Fernando Vicente,24,715,32,2001
53,Julien Boutter,27,710,27,2001
54,Andrea Gaudenzi,28,701,31,2001
55,Franco Squillari,26,690,28,2001
56,Galo Blanco,25,687,27,2001
57,Todd Martin,31,620,15,2001
58,Mikhail Youzhny,19,616,22,2001
59,Mariano Zabaleta,23,614,28,2001
60,Jonas Bjorkman,29,605,24,2001
61,Jarkko Nieminen,20,603,19,2001
62,Wayne Ferreira,30,600,21,2001
63,Stefan Koubek,24,598,24,2001
64,Michal Tabara,22,591,24,2001
65,Albert Montanes,21,585,27,2001
66,Andrew Ilie,25,565,29,2001
67,Agustin Calleri,25,562,27,2001
68,Kristian Pless,20,560,25,2001
69,Christophe Rochus,23,550,28,2001
70,Juan Ignacio Chela,22,544,13,2001
71,Fernando Meligeni,30,539,23,2001
72,Sargis Sargsian,28,539,28,2001
73,James Blake,22,534,22,2001
74,David Sanchez,23,531,31,2001
75,Jan Vacek,25,526,24,2001
76,Markus Hipfl,23,520,28,2001
77,Wayne Arthurs,30,518,25,2001
78,Harel Levy,23,515,25,2001
79,Nikolay Davydenko,20,512,31,2001
80,Nicolas Massu,22,510,32,2001
81,Andrei Stoliarov,24,510,38,2001
82,Magnus Gustafsson,34,505,20,2001
83,Lars Burgsmuller,26,501,29,2001
84,Cedric Pioline,32,497,24,2001
85,Andre Sa,24,481,29,2001
86,Jose Acasuso,19,474,25,2001
87,Michael Russell,23,466,27,2001
88,Jacobo Diaz,25,464,24,2001
89,Michael Llodra,21,464,26,2001
90,Antony Dupuis,28,453,29,2001
91,Davide Sanguinetti,29,451,32,2001
92,Ramon Delgado,25,450,19,2001
93,Attila Savolt,25,447,29,2001
94,Michael Chang,29,445,23,2001
95,Juan Balcells,26,443,24,2001
96,Federico Luzzi,21,437,22,2001
97,Adrian Voinea,27,425,24,2001
98,Flavio Saretta,21,421,26,2001
99,Vladimir Voltchkov,23,420,26,2001
100,Alex Calatrava,28,415,30,2001
1,Lleyton Hewitt,21,"4,485",21,2002
2,Andre Agassi,32,"3,395",19,2002
3,Marat Safin,22,"2,845",21,2002
4,Juan Carlos Ferrero,22,"2,740",26,2002
5,Carlos Moya,26,"2,630",26,2002
6,Roger Federer,21,"2,590",25,2002
7,Jiri Novak,27,"2,335",27,2002
8,Tim Henman,28,"2,215",19,2002
9,Albert Costa,27,"2,070",24,2002
10,Andy Roddick,20,"2,045",22,2002
11,Tommy Haas,24,"2,020",23,2002
12,David Nalbandian,20,"1,775",24,2002
13,Pete Sampras,31,"1,735",18,2002
14,Thomas Johansson,27,"1,725",23,2002
15,Guillermo Canas,25,"1,725",25,2002
16,Paradorn Srichaphan,23,"1,646",31,2002
17,Sebastien Grosjean,24,"1,640",22,2002
18,Fernando Gonzalez,22,"1,636",25,2002
19,Alex Corretja,28,"1,555",23,2002
20,Sjeng Schalken,26,"1,525",28,2002
21,Gaston Gaudio,24,"1,490",20,2002
22,Younes El Aynaoui,31,"1,435",29,2002
23,Juan Ignacio Chela,23,"1,240",28,2002
24,Marcelo Rios,27,"1,230",23,2002
25,Xavier Malisse,22,"1,225",23,2002
26,Andrei Pavel,28,"1,225",26,2002
27,Yevgeny Kafelnikov,28,"1,190",25,2002
28,James Blake,23,"1,170",24,2002
29,Nicolas Lapentti,26,"1,090",28,2002
30,Tommy Robredo,20,"1,050",25,2002
31,Greg Rusedski,29,"1,010",23,2002
32,Mikhail Youzhny,20,995,26,2002
33,Rainer Schuettler,26,980,30,2002
34,Nicolas Escude,26,960,21,2002
35,Fabrice Santoro,30,955,26,2002
36,Paul-Henri Mathieu,20,952,25,2002
37,Gustavo Kuerten,26,935,19,2002
38,Arnaud Clement,25,925,23,2002
39,Wayne Ferreira,31,875,20,2002
40,Jarkko Nieminen,21,875,29,2002
41,Jose Acasuso,20,868,26,2002
42,Jan-Michael Gambill,25,825,27,2002
43,Max Mirnyi,25,810,27,2002
44,Thomas Enqvist,28,810,19,2002
45,Guillermo Coria,20,778,22,2002
46,Davide Sanguinetti,30,773,27,2002
47,Todd Martin,32,755,18,2002
48,Jonas Bjorkman,30,745,24,2002
49,Ivan Ljubicic,23,735,27,2002
50,Agustin Calleri,26,730,24,2002
51,Dominik Hrbaty,24,726,33,2002
52,Wayne Arthurs,31,720,26,2002
53,Mariano Zabaleta,24,711,28,2002
54,Stefan Koubek,25,685,31,2002
55,Felix Mantilla,28,680,27,2002
56,Nicolas Massu,23,680,22,2002
57,Taylor Dent,21,672,26,2002
58,Fernando Vicente,25,671,34,2002
59,David Ferrer,20,643,27,2002
60,David Sanchez,24,642,27,2002
61,Alberto Martin,24,640,27,2002
62,Feliciano Lopez,21,633,25,2002
63,Radek Stepanek,24,633,16,2002
64,Olivier Rochus,21,624,26,2002
65,Kenneth Carlsen,29,621,23,2002
66,Andre Sa,25,607,27,2002
67,Vincent Spadea,28,586,32,2002
68,Adrian Voinea,28,579,26,2002
69,Michel Kratochvil,23,570,27,2002
70,Antony Dupuis,29,566,32,2002
71,Raemon Sluiter,24,558,27,2002
72,Nicolas Kiefer,25,550,26,2002
73,Vladimir Voltchkov,24,550,20,2002
74,Fernando Meligeni,31,538,25,2002
75,Bohdan Ulihrach,27,530,29,2002
76,Lars Burgsmuller,27,525,33,2002
77,Julien Boutter,28,513,28,2002
78,Albert Montanes,22,501,31,2002
79,Franco Squillari,27,494,27,2002
80,Mark Philippoussis,26,490,15,2002
81,Nikolay Davydenko,21,487,38,2002
82,Kristian Pless,21,486,31,2002
83,Karol Kucera,28,483,21,2002
84,Mardy Fish,21,481,20,2002
85,Luis Horna,22,473,22,2002
86,Martin Verkerk,24,468,26,2002
87,Hyung-Taik Lee,26,463,24,2002
88,Albert Portas,29,450,28,2002
89,Mario Ancic,18,448,26,2002
90,Hicham Arazi,29,443,25,2002
91,Jurgen Melzer,21,441,21,2002
92,Flavio Saretta,22,438,25,2002
93,Irakli Labadze,21,427,31,2002
94,Olivier Mutis,24,415,18,2002
95,Attila Savolt,26,414,28,2002
96,Dick Norman,31,411,24,2002
97,Jeff Morrison,23,406,21,2002
98,Arnaud Di Pasquale,23,398,17,2002
99,Jerome Golmard,29,395,20,2002
100,Robby Ginepri,20,392,25,2002
1,Andy Roddick,21,"4,535",23,2003
2,Roger Federer,22,"4,375",24,2003
3,Juan Carlos Ferrero,23,"4,205",20,2003
4,Andre Agassi,33,"3,425",19,2003
5,Guillermo Coria,21,"3,330",22,2003
6,Rainer Schuettler,27,"3,205",29,2003
7,Carlos Moya,27,"2,280",24,2003
8,David Nalbandian,21,"2,060",21,2003
9,Mark Philippoussis,27,"1,615",20,2003
10,Sebastien Grosjean,25,"1,610",22,2003
11,Paradorn Srichaphan,24,"1,595",29,2003
12,Nicolas Massu,24,"1,559",30,2003
13,Jiri Novak,28,"1,510",27,2003
14,Younes El Aynaoui,32,"1,480",26,2003
15,Tim Henman,29,"1,480",20,2003
16,Gustavo Kuerten,27,"1,470",21,2003
17,Lleyton Hewitt,22,"1,450",16,2003
18,Sjeng Schalken,27,"1,445",27,2003
19,Martin Verkerk,25,"1,425",27,2003
20,Mardy Fish,22,"1,300",24,2003
21,Tommy Robredo,21,"1,295",26,2003
22,Felix Mantilla,29,"1,265",24,2003
23,Max Mirnyi,26,"1,190",29,2003
24,Agustin Calleri,27,"1,185",24,2003
25,Albert Costa,28,"1,135",22,2003
26,Wayne Ferreira,32,"1,125",20,2003
27,Mariano Zabaleta,25,"1,125",25,2003
28,Feliciano Lopez,22,"1,110",32,2003
29,Vincent Spadea,29,"1,100",25,2003
30,Jonas Bjorkman,31,"1,068",22,2003
31,Arnaud Clement,26,"1,065",25,2003
32,Robby Ginepri,21,"1,055",23,2003
33,Taylor Dent,22,"1,045",23,2003
34,Gaston Gaudio,25,"1,030",23,2003
35,Fernando Gonzalez,23,"1,025",26,2003
36,Jarkko Nieminen,22,980,30,2003
37,James Blake,24,975,23,2003
38,Juan Ignacio Chela,24,965,27,2003
39,Sargis Sargsian,30,958,28,2003
40,Karol Kucera,29,930,20,2003
41,Yevgeny Kafelnikov,29,875,26,2003
42,Ivan Ljubicic,24,870,23,2003
43,Mikhail Youzhny,21,840,27,2003
44,Nikolay Davydenko,22,820,34,2003
45,Flavio Saretta,23,813,21,2003
46,Radek Stepanek,25,800,23,2003
47,Filippo Volandri,22,772,23,2003
48,Olivier Rochus,22,768,28,2003
49,Rafael Nadal,17,766,22,2003
50,David Sanchez,25,736,32,2003
51,Jan-Michael Gambill,26,710,27,2003
52,Hicham Arazi,30,698,22,2003
53,Stefan Koubek,26,670,26,2003
54,Alberto Martin,25,667,30,2003
55,Xavier Malisse,23,640,20,2003
56,Hyung-Taik Lee,27,635,25,2003
57,Nicolas Lapentti,27,628,23,2003
58,Nicolas Kiefer,26,616,21,2003
59,Raemon Sluiter,25,608,28,2003
60,Robin Soderling,19,598,23,2003
61,Dominik Hrbaty,25,584,33,2003
62,Fabrice Santoro,31,578,24,2003
63,Fernando Vicente,26,550,31,2003
64,Luis Horna,23,548,29,2003
65,Davide Sanguinetti,31,542,28,2003
66,Karol Beck,21,537,33,2003
67,Gregory Carraz,28,534,23,2003
68,Todd Martin,33,524,14,2003
69,Andrei Pavel,29,519,19,2003
70,Victor Hanescu,22,515,25,2003
71,David Ferrer,21,515,28,2003
72,Irakli Labadze,22,503,34,2003
73,Ivo Karlovic,24,489,25,2003
74,Mario Ancic,19,475,27,2003
75,Brian Vahaly,24,470,30,2003
76,Lars Burgsmuller,28,470,30,2003
77,Marat Safin,23,465,22,2003
78,Antony Dupuis,30,459,31,2003
79,Jurgen Melzer,22,453,26,2003
80,Ruben Ramirez Hidalgo,25,450,27,2003
81,Albert Montanes,23,447,29,2003
82,Wesley Moodie,24,445,21,2003
83,Paul-Henri Mathieu,21,441,26,2003
84,Christophe Rochus,25,436,26,2003
85,Albert Portas,30,436,28,2003
86,Cyril Saulnier,28,423,24,2003
87,Tomas Behrend,29,419,27,2003
88,Igor Andreev,20,417,28,2003
89,Oscar Hernandez,25,415,25,2003
90,Alexander Popp,27,414,15,2003
91,Dennis Van Scheppingen,28,411,24,2003
92,John van Lottum,27,405,26,2003
93,Richard Gasquet,17,404,25,2003
94,Nicolas Mahut,21,399,26,2003
95,Joachim Johansson,21,399,21,2003
96,Thomas Enqvist,29,398,26,2003
97,Jean-Rene Lisnard,24,397,28,2003
98,Dmitry Tursunov,21,392,23,2003
99,Galo Blanco,27,392,24,2003
100,Alex Corretja,29,391,25,2003
1,Roger Federer,23,"6,335",20,2004
2,Andy Roddick,22,"3,655",23,2004
3,Lleyton Hewitt,23,"3,590",20,2004
4,Marat Safin,24,"3,060",24,2004
5,Carlos Moya,28,"2,520",23,2004
6,Tim Henman,30,"2,465",20,2004
7,Guillermo Coria,22,"2,400",19,2004
8,Andre Agassi,34,"2,100",19,2004
9,David Nalbandian,22,"1,945",19,2004
10,Gaston Gaudio,26,"1,920",24,2004
11,Joachim Johansson,22,"1,595",27,2004
12,Guillermo Canas,27,"1,595",26,2004
13,Tommy Robredo,22,"1,465",26,2004
14,Dominik Hrbaty,26,"1,380",31,2004
15,Sebastien Grosjean,26,"1,370",17,2004
16,Mikhail Youzhny,22,"1,340",27,2004
17,Tommy Haas,26,"1,330",22,2004
18,Andrei Pavel,30,"1,325",26,2004
19,Nicolas Massu,25,"1,320",29,2004
20,Vincent Spadea,30,"1,285",27,2004
21,Nicolas Kiefer,27,"1,240",22,2004
22,Ivan Ljubicic,25,"1,235",23,2004
23,Fernando Gonzalez,24,"1,235",22,2004
24,Jiri Novak,29,"1,195",26,2004
25,Feliciano Lopez,23,"1,185",26,2004
26,Juan Ignacio Chela,25,"1,135",27,2004
27,Paradorn Srichaphan,25,"1,130",30,2004
28,Nikolay Davydenko,23,"1,085",32,2004
29,Mario Ancic,20,"1,061",24,2004
30,Thomas Johansson,29,"1,013",25,2004
31,Juan Carlos Ferrero,24,955,21,2004
32,Taylor Dent,23,955,27,2004
33,Radek Stepanek,26,950,25,2004
34,Robin Soderling,20,950,28,2004
35,Florian Mayer,21,939,27,2004
36,Fernando Verdasco,21,938,26,2004
37,Mardy Fish,23,935,23,2004
38,Luis Horna,24,925,30,2004
39,Jurgen Melzer,23,920,24,2004
40,Gustavo Kuerten,28,905,19,2004
41,Michael Llodra,24,890,18,2004
42,Rainer Schuettler,28,885,29,2004
43,Filippo Volandri,23,880,27,2004
44,Karol Beck,22,863,30,2004
45,Tomas Berdych,19,863,23,2004
46,Greg Rusedski,31,805,20,2004
47,Max Mirnyi,27,800,26,2004
48,Xavier Malisse,24,798,26,2004
49,David Ferrer,22,790,32,2004
50,Igor Andreev,21,781,30,2004
51,Rafael Nadal,18,775,23,2004
52,Fabrice Santoro,32,748,20,2004
53,Cyril Saulnier,29,748,25,2004
54,Mariano Zabaleta,26,735,25,2004
55,Martin Verkerk,26,709,18,2004
56,Albert Costa,29,705,22,2004
57,Sjeng Schalken,28,705,21,2004
58,Agustin Calleri,28,685,24,2004
59,Hyung-Taik Lee,28,681,21,2004
60,Stefan Koubek,27,647,29,2004
61,Ivo Karlovic,25,640,29,2004
62,Hicham Arazi,31,630,20,2004
63,Robby Ginepri,22,625,25,2004
64,Nicolas Escude,28,616,12,2004
65,Julien Benneteau,23,593,23,2004
66,Olivier Rochus,23,585,28,2004
67,Jose Acasuso,22,581,25,2004
68,Alberto Martin,26,580,29,2004
69,Gilles Muller,21,580,27,2004
70,Jonas Bjorkman,32,575,25,2004
71,Ricardo Mello,24,568,24,2004
72,Thomas Enqvist,30,538,23,2004
73,Juan Monaco,20,533,22,2004
74,David Sanchez,26,528,30,2004
75,Sargis Sargsian,31,525,30,2004
76,Potito Starace,23,522,22,2004
77,Jarkko Nieminen,23,519,26,2004
78,Irakli Labadze,23,510,23,2004
79,Antony Dupuis,31,503,31,2004
80,Dmitry Tursunov,22,491,23,2004
81,Alex Calatrava,31,489,35,2004
82,Raemon Sluiter,26,482,29,2004
83,Jan Hernych,25,480,21,2004
84,Kenneth Carlsen,31,479,27,2004
85,Oscar Hernandez,26,478,35,2004
86,Bohdan Ulihrach,29,468,26,2004
87,Yen-Hsun Lu,21,466,31,2004
88,Philipp Kohlschreiber,21,466,33,2004
89,Peter Wessels,26,460,21,2004
90,Gregory Carraz,29,457,28,2004
91,Karol Kucera,30,452,24,2004
92,Victor Hanescu,23,452,32,2004
93,Jerome Haehnel,24,452,25,2004
94,Kevin Kim,26,451,33,2004
95,Jan-Michael Gambill,27,450,27,2004
96,Jeff Morrison,25,445,18,2004
97,James Blake,24,440,20,2004
98,Michal Tabara,25,437,23,2004
99,Albert Montanes,24,436,28,2004
100,Lars Burgsmuller,29,434,34,2004
1,Roger Federer,24,"6,725",19,2005
2,Rafael Nadal,19,"4,765",24,2005
3,Andy Roddick,23,"3,085",20,2005
4,Lleyton Hewitt,24,"2,490",17,2005
5,Nikolay Davydenko,24,"2,390",30,2005
6,David Nalbandian,23,"2,370",21,2005
7,Andre Agassi,35,"2,275",17,2005
8,Guillermo Coria,23,"2,190",22,2005
9,Ivan Ljubicic,26,"2,180",25,2005
10,Gaston Gaudio,27,"2,050",25,2005
11,Fernando Gonzalez,25,"1,790",24,2005
12,Marat Safin,25,"1,730",16,2005
13,Thomas Johansson,30,"1,645",25,2005
14,David Ferrer,23,"1,620",28,2005
15,Robby Ginepri,23,"1,520",26,2005
16,Richard Gasquet,19,"1,506",17,2005
17,Juan Carlos Ferrero,25,"1,500",26,2005
18,Dominik Hrbaty,27,"1,490",28,2005
19,Tommy Robredo,23,"1,490",25,2005
20,Radek Stepanek,27,"1,440",26,2005
21,Mario Ancic,21,"1,360",24,2005
22,Nicolas Kiefer,28,"1,250",22,2005
23,James Blake,25,"1,230",24,2005
24,Tomas Berdych,20,"1,200",28,2005
25,Sebastien Grosjean,27,"1,135",21,2005
26,Igor Andreev,22,"1,120",33,2005
27,Olivier Rochus,24,"1,110",27,2005
28,Jarkko Nieminen,24,"1,045",27,2005
29,Taylor Dent,24,"1,025",25,2005
30,Gael Monfils,19,979,27,2005
31,Carlos Moya,29,940,24,2005
32,Fernando Verdasco,22,935,27,2005
33,Feliciano Lopez,24,910,26,2005
34,Max Mirnyi,28,905,24,2005
35,Victor Hanescu,24,856,27,2005
36,Tim Henman,31,850,19,2005
37,Greg Rusedski,32,840,25,2005
38,Filippo Volandri,24,836,29,2005
39,Juan Ignacio Chela,26,815,28,2005
40,Jose Acasuso,23,803,27,2005
41,Christophe Rochus,27,795,30,2005
42,Paradorn Srichaphan,26,785,30,2005
43,Mikhail Youzhny,23,775,23,2005
44,Davide Sanguinetti,33,773,33,2005
45,Tommy Haas,27,755,23,2005
46,Paul-Henri Mathieu,23,738,27,2005
47,Xavier Malisse,25,731,23,2005
48,Jiri Novak,30,725,25,2005
49,Florent Serra,24,712,30,2005
50,Alberto Martin,27,711,31,2005
51,Agustin Calleri,29,692,25,2005
52,Jurgen Melzer,24,690,25,2005
53,Joachim Johansson,23,680,20,2005
54,Stan Wawrinka,20,675,22,2005
55,Marcos Baghdatis,20,634,21,2005
56,Mariano Puerta,27,628,13,2005
57,Karol Beck,23,615,28,2005
58,Fabrice Santoro,33,615,28,2005
59,Tomas Zib,29,611,35,2005
60,Dmitry Tursunov,23,600,22,2005
61,Robin Vik,25,599,28,2005
62,Jonas Bjorkman,33,588,24,2005
63,Wesley Moodie,26,583,22,2005
64,Andy Murray,18,571,19,2005
65,Nicolas Massu,26,565,24,2005
66,Kenneth Carlsen,32,565,28,2005
67,Paul Goldstein,29,564,25,2005
68,Andreas Seppi,21,562,27,2005
69,Arnaud Clement,28,558,24,2005
70,Ivo Karlovic,26,550,27,2005
71,Albert Montanes,25,536,29,2005
72,Florian Mayer,22,519,27,2005
73,Ivo Minar,21,518,29,2005
74,Jan Hernych,26,515,27,2005
75,Vincent Spadea,31,515,25,2005
76,Gilles Muller,22,506,27,2005
77,Robin Soderling,21,505,21,2005
78,Novak Djokovic,18,502,15,2005
79,Carlos Berlocq,22,502,25,2005
80,Andrei Pavel,31,500,27,2005
81,Daniele Bracciali,27,498,28,2005
82,Boris Pashanski,23,498,23,2005
83,Mariano Zabaleta,27,495,20,2005
84,Luis Horna,25,492,27,2005
85,Juan Monaco,21,477,27,2005
86,Philipp Kohlschreiber,22,470,32,2005
87,Bjorn Phau,26,463,30,2005
88,Rainer Schuettler,29,463,30,2005
89,Tomas Behrend,31,462,32,2005
90,Cyril Saulnier,30,460,28,2005
91,Guillermo Garcia-Lopez,22,460,31,2005
92,Bobby Reynolds,23,442,29,2005
93,Kristof Vliegen,23,442,22,2005
94,Marcos Daniel,27,440,24,2005
95,Nicolas Lapentti,29,433,28,2005
96,Thierry Ascione,24,431,27,2005
97,Wayne Arthurs,34,430,22,2005
98,Lukas Dlouhy,22,428,30,2005
99,Jiri Vanek,27,424,31,2005
100,Jimmy Wang,20,423,26,2005
1,Roger Federer,25,"8,370",19,2006
2,Rafael Nadal,20,"4,470",19,2006
3,Nikolay Davydenko,25,"2,825",32,2006
4,James Blake,26,"2,530",26,2006
5,Ivan Ljubicic,27,"2,495",22,2006
6,Andy Roddick,24,"2,415",21,2006
7,Tommy Robredo,24,"2,375",27,2006
8,David Nalbandian,24,"2,295",17,2006
9,Mario Ancic,22,"2,060",24,2006
10,Fernando Gonzalez,26,"2,015",20,2006
11,Tommy Haas,28,"1,890",23,2006
12,Marcos Baghdatis,21,"1,860",23,2006
13,Tomas Berdych,21,"1,705",25,2006
14,David Ferrer,24,"1,475",25,2006
15,Jarkko Nieminen,25,"1,460",28,2006
16,Novak Djokovic,19,"1,380",21,2006
17,Andy Murray,19,"1,370",26,2006
18,Richard Gasquet,20,"1,365",25,2006
19,Radek Stepanek,28,"1,340",21,2006
20,Lleyton Hewitt,25,"1,315",21,2006
21,Dominik Hrbaty,28,"1,238",27,2006
22,Dmitry Tursunov,24,"1,190",34,2006
23,Juan Carlos Ferrero,26,"1,080",24,2006
24,Mikhail Youzhny,24,"1,075",24,2006
25,Robin Soderling,22,"1,028",24,2006
26,Marat Safin,26,"1,015",24,2006
27,Jose Acasuso,24,995,22,2006
28,Sebastien Grosjean,28,965,21,2006
29,Agustin Calleri,30,963,23,2006
30,Stan Wawrinka,21,950,24,2006
31,Kristof Vliegen,24,935,23,2006
32,Nicolas Almagro,21,925,24,2006
33,Juan Ignacio Chela,27,920,26,2006
34,Gaston Gaudio,28,915,22,2006
35,Fernando Verdasco,23,910,26,2006
36,Olivier Rochus,25,910,25,2006
37,Xavier Malisse,26,910,24,2006
38,Filippo Volandri,25,910,28,2006
39,Tim Henman,32,900,20,2006
40,Julien Benneteau,25,897,27,2006
41,Jurgen Melzer,25,865,26,2006
42,Arnaud Clement,29,845,23,2006
43,Carlos Moya,30,835,24,2006
44,Nicolas Massu,27,825,26,2006
45,Gilles Simon,21,801,30,2006
46,Gael Monfils,20,795,20,2006
47,Mardy Fish,25,776,25,2006
48,Nicolas Kiefer,29,765,14,2006
49,Hyung-Taik Lee,30,747,25,2006
50,Marc Gicquel,29,730,24,2006
51,Robby Ginepri,24,725,25,2006
52,Fabrice Santoro,34,725,23,2006
53,Paradorn Srichaphan,27,725,32,2006
54,Jonas Bjorkman,34,723,20,2006
55,Paul-Henri Mathieu,24,723,29,2006
56,Florian Mayer,23,700,27,2006
57,Ruben Ramirez Hidalgo,28,690,25,2006
58,Benjamin Becker,25,686,27,2006
59,Max Mirnyi,29,680,25,2006
60,Florent Serra,25,665,28,2006
61,Alberto Martin,28,641,24,2006
62,Philipp Kohlschreiber,23,631,22,2006
63,Luis Horna,26,620,25,2006
64,Janko Tipsarevic,22,599,31,2006
65,Daniele Bracciali,28,560,32,2006
66,Nicolas Mahut,24,552,30,2006
67,Nicolas Lapentti,30,552,24,2006
68,Guillermo Garcia-Lopez,23,542,30,2006
69,Juan Monaco,22,529,25,2006
70,Paul Goldstein,30,526,27,2006
71,Thomas Johansson,31,524,20,2006
72,Sergio Roitman,27,516,30,2006
73,Vincent Spadea,32,514,32,2006
74,Andreas Seppi,22,513,32,2006
75,Jan Hernych,27,511,24,2006
76,Jan Hajek,23,509,19,2006
77,Bjorn Phau,27,508,30,2006
78,Christophe Rochus,28,504,29,2006
79,Feliciano Lopez,25,491,30,2006
80,Stefan Koubek,29,490,29,2006
81,Martin Vassallo Arguello,26,488,21,2006
82,Simon Greul,25,486,30,2006
83,Potito Starace,25,485,27,2006
84,Kristian Pless,25,481,36,2006
85,Albert Montanes,26,473,31,2006
86,Justin Gimelstob,29,471,26,2006
87,Robert Kendrick,27,458,27,2006
88,Frank Dancevic,22,457,27,2006
89,Yen-Hsun Lu,23,450,31,2006
90,Alessio Di Mauro,29,447,28,2006
91,Igor Andreev,23,445,21,2006
92,Juan Martin del Potro,18,445,24,2006
93,Amer Delic,24,440,27,2006
94,Igor Kunitsyn,25,438,28,2006
95,Nicolas Devilder,26,437,26,2006
96,Michael Llodra,26,435,22,2006
97,Rainer Schuettler,30,435,31,2006
98,Ivo Karlovic,27,431,19,2006
99,Lukas Dlouhy,23,428,34,2006
100,Olivier Patience,26,426,24,2006
1,Roger Federer,26,"7,180",16,2007
2,Rafael Nadal,21,"5,735",19,2007
3,Novak Djokovic,20,"4,470",20,2007
4,Nikolay Davydenko,26,"2,825",26,2007
5,David Ferrer,25,"2,750",23,2007
6,Andy Roddick,25,"2,530",20,2007
7,Fernando Gonzalez,27,"2,005",19,2007
8,Richard Gasquet,21,"1,930",23,2007
9,David Nalbandian,25,"1,775",15,2007
10,Tommy Robredo,25,"1,765",23,2007
11,Andy Murray,20,"1,755",19,2007
12,Tommy Haas,29,"1,720",20,2007
13,James Blake,28,"1,710",24,2007
14,Tomas Berdych,22,"1,685",21,2007
15,Guillermo Canas,30,"1,653",21,2007
16,Marcos Baghdatis,22,"1,600",21,2007
17,Carlos Moya,31,"1,585",21,2007
18,Ivan Ljubicic,28,"1,580",22,2007
19,Mikhail Youzhny,25,"1,570",23,2007
20,Juan Ignacio Chela,28,"1,425",21,2007
21,Lleyton Hewitt,26,"1,365",19,2007
22,Ivo Karlovic,28,"1,360",25,2007
23,Juan Monaco,23,"1,350",22,2007
24,Juan Carlos Ferrero,27,"1,340",20,2007
25,Paul-Henri Mathieu,25,"1,320",22,2007
26,Fernando Verdasco,24,"1,050",23,2007
27,Jarkko Nieminen,26,995,21,2007
28,Nicolas Almagro,22,965,22,2007
29,Gilles Simon,23,955,22,2007
30,Radek Stepanek,29,930,21,2007
31,Potito Starace,26,921,21,2007
32,Philipp Kohlschreiber,24,905,21,2007
33,Igor Andreev,24,890,22,2007
34,Dmitry Tursunov,25,853,24,2007
35,Feliciano Lopez,26,840,17,2007
36,Stan Wawrinka,22,820,17,2007
37,Fabrice Santoro,35,807,20,2007
38,Gael Monfils,21,742,17,2007
39,Mardy Fish,26,740,22,2007
40,Filippo Volandri,26,731,20,2007
41,Robin Soderling,23,715,20,2007
42,Agustin Calleri,31,715,20,2007
43,Jo-Wilfried Tsonga,22,714,15,2007
44,Juan Martin del Potro,19,690,20,2007
45,Nicolas Mahut,25,683,19,2007
46,Albert Montanes,27,681,20,2007
47,Stefan Koubek,30,661,21,2007
48,Olivier Rochus,26,661,19,2007
49,Nicolas Kiefer,30,660,14,2007
50,Andreas Seppi,23,659,23,2007
51,Hyung-Taik Lee,31,642,18,2007
52,Janko Tipsarevic,23,632,14,2007
53,Sebastien Grosjean,29,621,16,2007
54,Arnaud Clement,30,620,19,2007
55,Florian Mayer,24,611,20,2007
56,Marat Safin,27,610,19,2007
57,Michael Berrer,27,608,22,2007
58,Oscar Hernandez,29,602,17,2007
59,Jonas Bjorkman,35,595,16,2007
60,Jurgen Melzer,26,590,20,2007
61,Ernests Gulbis,19,585,14,2007
62,Thomas Johansson,32,583,17,2007
63,Sam Querrey,20,573,17,2007
64,Dudi Sela,22,573,18,2007
65,Jose Acasuso,25,566,16,2007
66,Werner Eschauer,33,565,14,2007
67,Simone Bolelli,22,541,19,2007
68,Julien Benneteau,26,540,22,2007
69,Sergio Roitman,28,537,21,2007
70,Marc Gicquel,30,535,23,2007
71,Marin Cilic,19,533,17,2007
72,Frank Dancevic,23,521,16,2007
73,Luis Horna,27,520,18,2007
74,Martin Vassallo Arguello,27,520,20,2007
75,Andrei Pavel,33,518,17,2007
76,Victor Hanescu,26,517,19,2007
77,Vincent Spadea,33,515,20,2007
78,Nicolas Massu,28,514,19,2007
79,Peter Luczak,28,489,19,2007
80,Evgeny Korolev,19,487,20,2007
81,Alejandro Falla,24,481,21,2007
82,Michael Russell,29,481,18,2007
83,Mario Ancic,23,480,17,2007
84,Benjamin Becker,26,476,23,2007
85,Carlos Berlocq,24,474,19,2007
86,Steve Darcis,23,474,20,2007
87,Santiago Ventura,27,473,22,2007
88,Mischa Zverev,20,468,18,2007
89,Diego Hartfield,26,466,17,2007
90,Guillermo Garcia-Lopez,24,462,15,2007
91,Chris Guccione,22,462,19,2007
92,Florent Serra,26,461,17,2007
93,Michael Llodra,27,460,18,2007
94,Thierry Ascione,26,449,23,2007
95,Fabio Fognini,20,444,26,2007
96,Boris Pashanski,25,441,25,2007
97,Edouard Roger-Vasselin,24,438,19,2007
98,Kristof Vliegen,25,437,18,2007
99,Rainer Schuettler,31,433,17,2007
100,Donald Young,18,432,19,2007
1,Rafael Nadal,22,"6,675",19,2008
2,Roger Federer,27,"5,305",19,2008
3,Novak Djokovic,21,"5,295",19,2008
4,Andy Murray,21,"3,720",23,2008
5,Nikolay Davydenko,27,"2,715",23,2008
6,Jo-Wilfried Tsonga,23,"2,050",21,2008
7,Gilles Simon,24,"1,980",29,2008
8,Andy Roddick,26,"1,970",23,2008
9,Juan Martin del Potro,20,"1,945",22,2008
10,James Blake,29,"1,775",23,2008
11,David Nalbandian,26,"1,725",20,2008
12,David Ferrer,26,"1,695",24,2008
13,Stan Wawrinka,23,"1,510",22,2008
14,Gael Monfils,22,"1,475",21,2008
15,Fernando Gonzalez,28,"1,420",22,2008
16,Fernando Verdasco,25,"1,415",28,2008
17,Robin Soderling,24,"1,325",23,2008
18,Nicolas Almagro,23,"1,270",23,2008
19,Igor Andreev,25,"1,245",30,2008
20,Tomas Berdych,23,"1,215",24,2008
21,Tommy Robredo,26,"1,195",24,2008
22,Dmitry Tursunov,26,"1,180",28,2008
23,Marin Cilic,20,"1,175",26,2008
24,Mardy Fish,27,"1,165",24,2008
25,Richard Gasquet,22,"1,160",23,2008
26,Ivo Karlovic,29,"1,140",27,2008
27,Radek Stepanek,30,"1,130",25,2008
28,Philipp Kohlschreiber,25,"1,115",22,2008
29,Marat Safin,28,"1,025",24,2008
30,Feliciano Lopez,27,"1,005",25,2008
31,Paul-Henri Mathieu,26,"1,000",26,2008
32,Mikhail Youzhny,26,985,24,2008
33,Rainer Schuettler,32,942,30,2008
34,Jurgen Melzer,27,939,28,2008
35,Andreas Seppi,24,910,30,2008
36,Mario Ancic,24,900,21,2008
37,Jarkko Nieminen,27,895,29,2008
38,Nicolas Kiefer,31,885,21,2008
39,Sam Querrey,21,870,26,2008
40,Michael Llodra,28,860,24,2008
41,Simone Bolelli,23,843,31,2008
42,Carlos Moya,32,840,24,2008
43,Julien Benneteau,27,804,25,2008
44,Ivan Ljubicic,29,790,24,2008
45,Albert Montanes,28,787,30,2008
46,Juan Monaco,24,785,24,2008
47,Igor Kunitsyn,27,781,27,2008
48,Jose Acasuso,26,760,26,2008
49,Janko Tipsarevic,24,750,24,2008
50,Victor Hanescu,27,743,25,2008
51,Robby Ginepri,26,740,22,2008
52,Fabrice Santoro,36,726,24,2008
53,Ernests Gulbis,20,719,22,2008
54,Marc Gicquel,31,714,28,2008
55,Juan Carlos Ferrero,28,705,19,2008
56,Marcel Granollers,22,692,31,2008
57,Viktor Troicki,22,690,27,2008
58,Eduardo Schwank,22,690,25,2008
59,Florent Serra,27,687,31,2008
60,Agustin Calleri,32,685,24,2008
61,Steve Darcis,24,681,24,2008
62,Guillermo Garcia-Lopez,25,646,30,2008
63,Kei Nishikori,19,640,19,2008
64,Yen-Hsun Lu,25,622,27,2008
65,Teymuraz Gabashvili,23,613,27,2008
66,Philipp Petzschner,24,606,23,2008
67,Lleyton Hewitt,27,605,17,2008
68,Oscar Hernandez,30,584,34,2008
69,Christophe Rochus,30,578,24,2008
70,Bobby Reynolds,26,572,33,2008
71,Martin Vassallo Arguello,28,572,29,2008
72,Potito Starace,27,564,30,2008
73,Nicolas Devilder,28,561,27,2008
74,Ivan Navarro,27,554,32,2008
75,Jeremy Chardy,21,553,23,2008
76,Vincent Spadea,34,549,33,2008
77,Nicolas Massu,29,545,32,2008
78,Diego Junqueira,28,544,29,2008
79,Guillermo Canas,31,543,27,2008
80,Mischa Zverev,21,535,29,2008
81,Jan Hernych,29,534,23,2008
82,Tommy Haas,30,525,20,2008
83,Denis Gremelmayr,27,518,31,2008
84,Kristof Vliegen,26,509,25,2008
85,Thomaz Bellucci,20,508,24,2008
86,Nicolas Lapentti,32,502,22,2008
87,Marcos Daniel,30,498,26,2008
88,Fabio Fognini,21,493,21,2008
89,Andrey Golubev,21,488,23,2008
90,Daniel Gimeno-Traver,23,488,28,2008
91,Roko Karanusic,26,487,25,2008
92,Sergiy Stakhovsky,22,483,21,2008
93,Arnaud Clement,31,480,20,2008
94,Nicolas Mahut,26,480,30,2008
95,Gilles Muller,25,478,20,2008
96,Chris Guccione,23,478,26,2008
97,Robert Kendrick,29,478,28,2008
98,Marcos Baghdatis,23,475,21,2008
99,Ivo Minar,24,475,33,2008
100,Alberto Martin,30,473,32,2008
1,Roger Federer,28,"10,550",19,2009
2,Rafael Nadal,23,"9,205",19,2009
3,Novak Djokovic,22,"8,310",23,2009
4,Andy Murray,22,"7,030",19,2009
5,Juan Martin del Potro,21,"6,785",22,2009
6,Nikolay Davydenko,28,"4,930",26,2009
7,Andy Roddick,27,"4,410",20,2009
8,Robin Soderling,25,"3,410",27,2009
9,Fernando Verdasco,26,"3,300",24,2009
10,Jo-Wilfried Tsonga,24,"2,875",26,2009
11,Fernando Gonzalez,29,"2,870",18,2009
12,Radek Stepanek,31,"2,625",23,2009
13,Gael Monfils,23,"2,610",24,2009
14,Marin Cilic,21,"2,430",23,2009
15,Gilles Simon,25,"2,275",27,2009
16,Tommy Robredo,27,"2,175",27,2009
17,David Ferrer,27,"1,870",26,2009
18,Tommy Haas,31,"1,855",19,2009
19,Mikhail Youzhny,27,"1,690",31,2009
20,Tomas Berdych,24,"1,655",28,2009
21,Stan Wawrinka,24,"1,635",21,2009
22,Lleyton Hewitt,28,"1,600",21,2009
23,Juan Carlos Ferrero,29,"1,555",25,2009
24,Ivan Ljubicic,30,"1,405",27,2009
25,Sam Querrey,22,"1,320",26,2009
26,Nicolas Almagro,24,"1,305",26,2009
27,Philipp Kohlschreiber,26,"1,260",28,2009
28,Jurgen Melzer,28,"1,260",28,2009
29,Viktor Troicki,23,"1,175",30,2009
30,Juan Monaco,25,"1,170",27,2009
31,Albert Montanes,29,"1,140",28,2009
32,Jeremy Chardy,22,"1,102",31,2009
33,Paul-Henri Mathieu,27,"1,080",29,2009
34,John Isner,24,"1,067",22,2009
35,Igor Andreev,26,"1,030",33,2009
36,Thomaz Bellucci,21,"1,021",27,2009
37,Ivo Karlovic,30,"1,015",23,2009
38,Janko Tipsarevic,25,"1,015",28,2009
39,Andreas Beck,23,"1,000",27,2009
40,Benjamin Becker,28,986,29,2009
41,Guillermo Garcia-Lopez,26,954,28,2009
42,Marcos Baghdatis,24,945,22,2009
43,Dudi Sela,24,936,25,2009
44,James Blake,30,935,21,2009
45,Horacio Zeballos,24,934,27,2009
46,Julien Benneteau,28,924,29,2009
47,Feliciano Lopez,28,905,26,2009
48,Victor Hanescu,28,905,31,2009
49,Andreas Seppi,25,900,31,2009
50,Pablo Cuevas,23,899,30,2009
51,Jose Acasuso,27,870,24,2009
52,Richard Gasquet,23,850,21,2009
53,Evgeny Korolev,21,848,26,2009
54,Fabio Fognini,22,790,29,2009
55,Mardy Fish,28,790,25,2009
56,Marco Chiudinelli,28,767,23,2009
57,Olivier Rochus,28,757,24,2009
58,Marc Gicquel,32,744,29,2009
59,Simon Greul,28,739,27,2009
60,Sergiy Stakhovsky,23,733,29,2009
61,Florian Mayer,26,701,25,2009
62,Potito Starace,28,682,31,2009
63,Arnaud Clement,32,667,28,2009
64,David Nalbandian,27,665,19,2009
65,Florent Serra,28,665,33,2009
66,Maximo Gonzalez,26,663,22,2009
67,Michael Llodra,29,649,20,2009
68,Fabrice Santoro,37,645,28,2009
69,Fred Gil,24,642,27,2009
70,Oscar Hernandez,31,633,36,2009
71,Daniel Koellerer,26,617,26,2009
72,Daniel Gimeno-Traver,24,613,32,2009
73,Juan Ignacio Chela,30,611,26,2009
74,Michael Berrer,29,608,26,2009
75,Leonardo Mayer,22,607,24,2009
76,Taylor Dent,28,602,23,2009
77,Peter Luczak,30,598,29,2009
78,Mischa Zverev,22,590,26,2009
79,Rajeev Ram,25,590,24,2009
80,Philipp Petzschner,25,587,30,2009
81,Alejandro Falla,26,587,22,2009
82,Lukas Lacko,22,580,24,2009
83,Michael Russell,31,579,24,2009
84,Paolo Lorenzi,28,577,29,2009
85,Rainer Schuettler,33,575,31,2009
86,Christophe Rochus,31,575,36,2009
87,Marcos Daniel,31,573,24,2009
88,Jarkko Nieminen,28,568,23,2009
89,Dmitry Tursunov,27,565,25,2009
90,Ernests Gulbis,21,555,27,2009
91,Marcel Granollers,23,553,34,2009
92,Daniel Brands,22,550,32,2009
93,Simone Bolelli,24,549,26,2009
94,Xavier Malisse,29,547,17,2009
95,Mario Ancic,25,547,15,2009
96,Thiemo de Bakker,21,541,22,2009
97,Nicolas Lapentti,33,540,22,2009
98,Yen-Hsun Lu,26,537,30,2009
99,Martin Vassallo Arguello,29,535,29,2009
100,Robby Ginepri,27,529,23,2009
1,Rafael Nadal,24,"12,450",20,2010
2,Roger Federer,29,"9,145",21,2010
3,Novak Djokovic,23,"6,240",21,2010
4,Andy Murray,23,"5,760",19,2010
5,Robin Soderling,26,"5,580",24,2010
6,Tomas Berdych,25,"3,955",26,2010
7,David Ferrer,28,"3,735",24,2010
8,Andy Roddick,28,"3,665",21,2010
9,Fernando Verdasco,27,"3,240",25,2010
10,Mikhail Youzhny,28,"2,920",24,2010
11,Jurgen Melzer,29,"2,785",27,2010
12,Gael Monfils,24,"2,560",24,2010
13,Jo-Wilfried Tsonga,25,"2,345",20,2010
14,Marin Cilic,22,"2,300",24,2010
15,Nicolas Almagro,25,"2,160",27,2010
16,Mardy Fish,29,"1,991",20,2010
17,Ivan Ljubicic,31,"1,965",23,2010
18,Sam Querrey,23,"1,860",27,2010
19,John Isner,25,"1,850",24,2010
20,Marcos Baghdatis,25,"1,785",29,2010
21,Stan Wawrinka,25,"1,755",22,2010
22,Nikolay Davydenko,29,"1,655",25,2010
23,Michael Llodra,30,"1,575",26,2010
24,Ernests Gulbis,22,"1,505",22,2010
25,Albert Montanes,30,"1,495",29,2010
26,Juan Monaco,26,"1,480",22,2010
27,David Nalbandian,28,"1,480",18,2010
28,Viktor Troicki,24,"1,430",28,2010
29,Juan Carlos Ferrero,30,"1,415",23,2010
30,Richard Gasquet,24,"1,385",28,2010
31,Thomaz Bellucci,22,"1,355",27,2010
32,Feliciano Lopez,29,"1,300",25,2010
33,Guillermo Garcia-Lopez,27,"1,275",26,2010
34,Philipp Kohlschreiber,27,"1,215",26,2010
35,Yen-Hsun Lu,27,"1,141",26,2010
36,Andrey Golubev,23,"1,135",30,2010
37,Florian Mayer,27,"1,128",26,2010
38,Juan Ignacio Chela,31,"1,070",27,2010
39,Jarkko Nieminen,29,"1,062",32,2010
40,Denis Istomin,24,"1,031",30,2010
41,Gilles Simon,25,"1,005",24,2010
42,Marcel Granollers,24,993,31,2010
43,Thiemo de Bakker,22,975,23,2010
44,Julien Benneteau,29,965,21,2010
45,Jeremy Chardy,23,960,30,2010
46,Sergiy Stakhovsky,24,945,27,2010
47,Potito Starace,29,945,34,2010
48,Alexandr Dolgopolov,22,940,29,2010
49,Janko Tipsarevic,26,935,26,2010
50,Tommy Robredo,28,915,25,2010
51,Victor Hanescu,29,915,26,2010
52,Andreas Seppi,26,900,32,2010
53,Benjamin Becker,29,877,32,2010
54,Lleyton Hewitt,29,870,23,2010
55,Fabio Fognini,23,855,33,2010
56,Daniel Gimeno-Traver,25,844,29,2010
57,Philipp Petzschner,26,839,20,2010
58,Michael Berrer,30,835,30,2010
59,Mikhail Kukushkin,23,819,28,2010
60,Xavier Malisse,30,816,27,2010
61,Kevin Anderson,24,813,26,2010
62,Radek Stepanek,32,795,23,2010
63,Pablo Cuevas,24,790,28,2010
64,Santiago Giraldo,23,785,30,2010
65,Robin Haase,23,778,24,2010
66,Carlos Berlocq,27,725,29,2010
67,Tobias Kamke,24,724,28,2010
68,Fernando Gonzalez,30,720,19,2010
69,Florent Serra,29,715,32,2010
70,Lukasz Kubot,28,695,25,2010
71,Pablo Andujar,24,683,26,2010
72,Pere Riba,22,672,32,2010
73,Ivo Karlovic,31,670,15,2010
74,Eduardo Schwank,24,655,25,2010
75,Dudi Sela,25,643,23,2010
76,Ricardo Mello,30,642,21,2010
77,Ruben Ramirez Hidalgo,32,638,28,2010
78,Arnaud Clement,33,627,34,2010
79,Igor Andreev,27,622,24,2010
80,Teymuraz Gabashvili,25,615,30,2010
81,Illya Marchenko,23,613,23,2010
82,Mischa Zverev,23,611,30,2010
83,Adrian Mannarino,22,600,21,2010
84,Rainer Schuettler,34,597,26,2010
85,Brian Dabul,26,594,23,2010
86,Michal Przysiezny,26,590,27,2010
87,Ricardas Berankis,20,587,18,2010
88,Ivan Dodig,25,586,23,2010
89,Lukas Lacko,23,578,28,2010
90,Marsel Ilhan,23,574,19,2010
91,Filippo Volandri,29,574,27,2010
92,Dustin Brown,26,573,35,2010
93,Rui Machado,26,573,27,2010
94,Leonardo Mayer,23,572,21,2010
95,Jan Hajek,27,570,27,2010
96,Marcos Daniel,32,564,26,2010
97,Paul-Henri Mathieu,28,562,23,2010
98,Kei Nishikori,20,554,17,2010
99,Michael Russell,32,552,31,2010
100,Igor Kunitsyn,29,551,31,2010
1,Novak Djokovic,24,"13,630",19,2011
2,Rafael Nadal,25,"9,595",20,2011
3,Roger Federer,30,"8,170",19,2011
4,Andy Murray,24,"7,380",19,2011
5,David Ferrer,29,"4,925",23,2011
6,Jo-Wilfried Tsonga,26,"4,335",25,2011
7,Tomas Berdych,26,"3,700",24,2011
8,Mardy Fish,30,"2,965",24,2011
9,Janko Tipsarevic,27,"2,595",28,2011
10,Nicolas Almagro,26,"2,380",27,2011
11,Juan Martin del Potro,23,"2,315",22,2011
12,Gilles Simon,26,"2,165",28,2011
13,Robin Soderling,27,"2,120",22,2011
14,Andy Roddick,29,"1,940",20,2011
15,Alexandr Dolgopolov,23,"1,925",30,2011
16,Gael Monfils,25,"1,910",23,2011
17,Stan Wawrinka,26,"1,820",23,2011
18,John Isner,26,"1,800",25,2011
19,Richard Gasquet,25,"1,765",21,2011
20,Feliciano Lopez,30,"1,755",28,2011
21,Marin Cilic,23,"1,665",25,2011
22,Viktor Troicki,25,"1,655",26,2011
23,Florian Mayer,28,"1,630",27,2011
24,Fernando Verdasco,28,"1,550",25,2011
25,Kei Nishikori,21,"1,430",25,2011
26,Juan Monaco,27,"1,335",26,2011
27,Marcel Granollers,25,"1,335",25,2011
28,Radek Stepanek,33,"1,275",27,2011
29,Juan Ignacio Chela,32,"1,270",28,2011
30,Ivan Ljubicic,32,"1,270",22,2011
31,Milos Raonic,20,"1,255",24,2011
32,Kevin Anderson,25,"1,235",29,2011
33,Jurgen Melzer,30,"1,170",24,2011
34,Alex Bogomolov Jr.,28,"1,135",30,2011
35,Mikhail Youzhny,29,"1,105",26,2011
36,Ivan Dodig,26,"1,065",26,2011
37,Thomaz Bellucci,23,"1,060",26,2011
38,Andreas Seppi,27,"1,015",28,2011
39,Donald Young,22,"1,004",24,2011
40,Dmitry Tursunov,29,988,25,2011
41,Nikolay Davydenko,30,980,27,2011
42,Bernard Tomic,19,970,21,2011
43,Philipp Kohlschreiber,28,960,27,2011
44,Marcos Baghdatis,26,940,27,2011
45,Robin Haase,24,926,25,2011
46,Pablo Andujar,25,920,31,2011
47,Michael Llodra,31,915,23,2011
48,Fabio Fognini,24,915,32,2011
49,Xavier Malisse,31,910,27,2011
50,Juan Carlos Ferrero,31,910,18,2011
51,Tommy Robredo,29,905,23,2011
52,Julien Benneteau,30,900,27,2011
53,Albert Montanes,31,895,26,2011
54,Gilles Muller,28,893,22,2011
55,Santiago Giraldo,24,890,26,2011
56,Ivo Karlovic,32,867,23,2011
57,Lukasz Kubot,29,828,23,2011
58,Potito Starace,30,825,28,2011
59,James Blake,31,819,21,2011
60,Carlos Berlocq,28,801,32,2011
61,Ernests Gulbis,23,785,25,2011
62,Sergiy Stakhovsky,25,780,29,2011
63,Philipp Petzschner,27,780,27,2011
64,David Nalbandian,29,760,21,2011
65,Guillermo Garcia-Lopez,28,755,30,2011
66,Albert Ramos-Vinolas,23,709,30,2011
67,Olivier Rochus,30,704,23,2011
68,Rui Machado,27,698,30,2011
69,Filippo Volandri,30,696,31,2011
70,Lukas Rosol,26,693,29,2011
71,Igor Kunitsyn,30,692,25,2011
72,Ryan Sweeting,24,690,24,2011
73,Denis Istomin,25,685,28,2011
74,Alejandro Falla,28,671,26,2011
75,Flavio Cipolla,28,669,29,2011
76,Grigor Dimitrov,20,666,28,2011
77,Jarkko Nieminen,30,666,27,2011
78,Leonardo Mayer,24,659,25,2011
79,Ryan Harrison,19,658,24,2011
80,Nicolas Mahut,29,653,25,2011
81,Cedrik-Marcel Stebe,21,652,24,2011
82,Yen-Hsun Lu,28,651,28,2011
83,Dudi Sela,26,640,24,2011
84,Somdev Devvarman,26,631,27,2011
85,Ricardo Mello,31,630,24,2011
86,Matthew Ebden,24,627,24,2011
87,Adrian Mannarino,23,623,30,2011
88,Steve Darcis,27,622,24,2011
89,Pere Riba,23,612,33,2011
90,Victor Hanescu,30,600,26,2011
91,Mikhail Kukushkin,24,598,28,2011
92,Blaz Kavcic,24,590,25,2011
93,Sam Querrey,24,589,24,2011
94,Matthias Bachinger,24,587,27,2011
95,Benoit Paire,22,586,35,2011
96,Tobias Kamke,25,582,33,2011
97,Eric Prodon,30,581,29,2011
98,Andreas Beck,25,580,30,2011
99,Michael Russell,33,577,29,2011
100,Michael Berrer,31,567,26,2011
1,Novak Djokovic,25,"12,920",18,2012
2,Roger Federer,31,"10,265",21,2012
3,Andy Murray,25,"8,000",20,2012
4,Rafael Nadal,26,"6,690",18,2012
5,David Ferrer,30,"6,505",25,2012
6,Tomas Berdych,27,"4,680",24,2012
7,Juan Martin del Potro,24,"4,480",23,2012
8,Jo-Wilfried Tsonga,27,"3,490",26,2012
9,Janko Tipsarevic,28,"2,990",28,2012
10,Richard Gasquet,26,"2,515",23,2012
11,Nicolas Almagro,27,"2,515",27,2012
12,Juan Monaco,28,"2,430",24,2012
13,Milos Raonic,22,"2,380",24,2012
14,John Isner,27,"2,215",26,2012
15,Marin Cilic,24,"2,210",23,2012
16,Gilles Simon,28,"2,165",27,2012
17,Stan Wawrinka,27,"1,900",22,2012
18,Alexandr Dolgopolov,24,"1,855",26,2012
19,Kei Nishikori,23,"1,830",23,2012
20,Philipp Kohlschreiber,29,"1,770",27,2012
21,Tommy Haas,34,"1,695",21,2012
22,Sam Querrey,25,"1,650",28,2012
23,Andreas Seppi,28,"1,560",31,2012
24,Fernando Verdasco,29,"1,490",25,2012
25,Mikhail Youzhny,30,"1,335",25,2012
26,Jerzy Janowicz,22,"1,299",22,2012
27,Mardy Fish,31,"1,255",20,2012
28,Florian Mayer,29,"1,215",28,2012
29,Jurgen Melzer,31,"1,177",25,2012
30,Martin Klizan,23,"1,175",24,2012
31,Radek Stepanek,34,"1,135",23,2012
32,Jeremy Chardy,25,"1,131",23,2012
33,Thomaz Bellucci,25,"1,112",26,2012
34,Marcel Granollers,26,"1,100",26,2012
35,Julien Benneteau,31,"1,075",26,2012
36,Marcos Baghdatis,27,"1,070",25,2012
37,Kevin Anderson,26,"1,065",27,2012
38,Viktor Troicki,26,"1,055",29,2012
39,Andy Roddick,30,"1,015",24,2012
40,Feliciano Lopez,31,"1,005",29,2012
41,Jarkko Nieminen,31,927,29,2012
42,Pablo Andujar,26,915,30,2012
43,Denis Istomin,26,897,33,2012
44,Nikolay Davydenko,31,885,25,2012
45,Fabio Fognini,25,880,28,2012
46,David Goffin,22,868,25,2012
47,Benoit Paire,23,867,29,2012
48,Grigor Dimitrov,21,866,21,2012
49,Marinko Matosevic,27,845,28,2012
50,Albert Ramos-Vinolas,24,830,30,2012
51,Lukas Lacko,25,827,25,2012
52,Bernard Tomic,20,825,27,2012
53,Michael Llodra,32,823,18,2012
54,Alejandro Falla,29,809,29,2012
55,Grega Zemlja,26,782,24,2012
56,Robin Haase,25,780,29,2012
57,Santiago Giraldo,25,778,23,2012
58,Paul-Henri Mathieu,30,763,24,2012
59,Yen-Hsun Lu,29,759,28,2012
60,Go Soeda,28,758,28,2012
61,Brian Baker,27,756,23,2012
62,Victor Hanescu,31,753,26,2012
63,Xavier Malisse,32,746,27,2012
64,Paolo Lorenzi,31,744,31,2012
65,Benjamin Becker,31,741,27,2012
66,Carlos Berlocq,29,720,32,2012
67,Gilles Muller,29,719,29,2012
68,Igor Sijsling,25,712,23,2012
69,Ryan Harrison,20,710,23,2012
70,Daniel Gimeno-Traver,27,704,29,2012
71,Leonardo Mayer,25,702,23,2012
72,Ivan Dodig,27,695,28,2012
73,Lukas Rosol,27,679,31,2012
74,Lukasz Kubot,30,675,27,2012
75,Bjorn Phau,33,668,25,2012
76,Guillermo Garcia-Lopez,29,667,29,2012
77,Gael Monfils,26,660,22,2012
78,Andrey Kuznetsov,21,660,23,2012
79,Tatsuma Ito,24,655,29,2012
80,Roberto Bautista Agut,24,648,25,2012
81,Evgeny Donskoy,22,637,27,2012
82,David Nalbandian,30,635,18,2012
83,Lleyton Hewitt,31,625,13,2012
84,Simone Bolelli,27,623,28,2012
85,Horacio Zeballos,27,615,27,2012
86,Aljaz Bedene,23,583,22,2012
87,Michael Russell,34,582,29,2012
88,Filippo Volandri,31,582,33,2012
89,Jurgen Zopp,24,579,22,2012
90,Olivier Rochus,31,577,32,2012
91,Ruben Ramirez Hidalgo,34,577,29,2012
92,Guillaume Rufin,22,574,27,2012
93,Steve Darcis,28,571,25,2012
94,Blaz Kavcic,25,569,29,2012
95,Flavio Cipolla,29,568,29,2012
96,Albert Montanes,32,565,26,2012
97,Guido Pella,22,564,22,2012
98,Tobias Kamke,26,563,29,2012
99,Adrian Ungur,27,557,28,2012
100,Ivo Karlovic,33,556,20,2012
1,Rafael Nadal,27,"13,030",20,2013
2,Novak Djokovic,26,"12,260",18,2013
3,David Ferrer,31,"5,800",24,2013
4,Andy Murray,26,"5,790",19,2013
5,Juan Martin del Potro,25,"5,255",21,2013
6,Roger Federer,32,"4,205",19,2013
7,Tomas Berdych,28,"4,180",24,2013
8,Stan Wawrinka,28,"3,730",25,2013
9,Richard Gasquet,27,"3,300",25,2013
10,Jo-Wilfried Tsonga,28,"3,065",21,2013
11,Milos Raonic,23,"2,860",24,2013
12,Tommy Haas,35,"2,435",26,2013
13,Nicolas Almagro,28,"2,290",23,2013
14,John Isner,28,"2,150",26,2013
15,Mikhail Youzhny,31,"2,145",26,2013
16,Fabio Fognini,26,"1,930",29,2013
17,Kei Nishikori,24,"1,915",21,2013
18,Tommy Robredo,31,"1,810",24,2013
19,Gilles Simon,29,"1,790",25,2013
20,Kevin Anderson,27,"1,685",23,2013
21,Jerzy Janowicz,23,"1,615",21,2013
22,Philipp Kohlschreiber,30,"1,525",27,2013
23,Grigor Dimitrov,22,"1,520",24,2013
24,Ernests Gulbis,25,"1,393",23,2013
25,Andreas Seppi,29,"1,360",29,2013
26,Benoit Paire,24,"1,345",32,2013
27,Jurgen Melzer,32,"1,315",27,2013
28,Feliciano Lopez,32,"1,310",22,2013
29,Dmitry Tursunov,31,"1,244",22,2013
30,Fernando Verdasco,30,"1,235",25,2013
31,Gael Monfils,27,"1,230",24,2013
32,Vasek Pospisil,23,"1,219",26,2013
33,Ivan Dodig,28,"1,190",25,2013
34,Jeremy Chardy,26,"1,175",25,2013
35,Julien Benneteau,32,"1,160",25,2013
36,Janko Tipsarevic,29,"1,130",27,2013
37,Marin Cilic,25,"1,130",21,2013
38,Marcel Granollers,27,"1,110",26,2013
39,Jarkko Nieminen,32,"1,090",29,2013
40,Florian Mayer,30,"1,065",29,2013
41,Carlos Berlocq,30,"1,020",26,2013
42,Juan Monaco,29,"1,015",26,2013
43,Robin Haase,26,977,29,2013
44,Radek Stepanek,35,970,22,2013
45,Denis Istomin,27,965,30,2013
46,Sam Querrey,26,960,25,2013
47,Lukas Rosol,28,956,33,2013
48,Pablo Andujar,27,946,32,2013
49,Joao Sousa,24,934,24,2013
50,Nicolas Mahut,31,918,18,2013
51,Bernard Tomic,21,910,26,2013
52,Edouard Roger-Vasselin,30,908,28,2013
53,Nikolay Davydenko,32,890,25,2013
54,Daniel Brands,26,836,24,2013
55,Federico Delbonis,23,836,20,2013
56,Horacio Zeballos,28,835,29,2013
57,Alexandr Dolgopolov,25,825,27,2013
58,Roberto Bautista Agut,25,810,24,2013
59,Adrian Mannarino,25,784,27,2013
60,Lleyton Hewitt,32,780,19,2013
61,Marinko Matosevic,28,774,25,2013
62,Guillermo Garcia-Lopez,30,768,26,2013
63,Albert Montanes,33,766,24,2013
64,Pablo Carreno Busta,22,739,28,2013
65,Yen-Hsun Lu,30,730,27,2013
66,Michal Przysiezny,29,730,26,2013
67,Mikhail Kukushkin,26,721,22,2013
68,Matthew Ebden,26,706,28,2013
69,Santiago Giraldo,26,703,31,2013
70,Igor Sijsling,26,697,29,2013
71,Filippo Volandri,32,694,25,2013
72,Lukasz Kubot,31,686,24,2013
73,Dudi Sela,28,681,21,2013
74,Tobias Kamke,27,663,27,2013
75,Viktor Troicki,27,660,23,2013
76,Teymuraz Gabashvili,28,651,30,2013
77,Daniel Gimeno-Traver,28,650,30,2013
78,Ivo Karlovic,34,647,20,2013
79,Benjamin Becker,32,637,32,2013
80,Victor Hanescu,32,636,27,2013
81,Lukas Lacko,26,625,26,2013
82,Andrey Golubev,26,620,25,2013
83,Albert Ramos-Vinolas,25,617,27,2013
84,Kenny De Schepper,26,617,32,2013
85,Jiri Vesely,20,616,22,2013
86,Julian Reister,27,612,20,2013
87,Marcos Baghdatis,28,605,24,2013
88,Alex Bogomolov Jr.,30,605,22,2013
89,Tim Smyczek,26,600,28,2013
90,Somdev Devvarman,28,599,21,2013
91,Alejandro Gonzalez,24,597,22,2013
92,Michael Russell,35,594,31,2013
93,Aleksandr Nedovyesov,26,586,28,2013
94,Leonardo Mayer,26,579,25,2013
95,Aljaz Bedene,24,573,23,2013
96,Donald Young,24,569,22,2013
97,Bradley Klahn,23,568,26,2013
98,Sergiy Stakhovsky,27,554,30,2013
99,Alejandro Falla,30,552,24,2013
100,Ryan Harrison,21,549,28,2013
1,Novak Djokovic,27,"11,360",17,2014
2,Roger Federer,33,"9,775",19,2014
3,Rafael Nadal,28,"6,835",19,2014
4,Stan Wawrinka,29,"5,370",19,2014
5,Kei Nishikori,24,"5,025",22,2014
6,Andy Murray,27,"4,675",22,2014
7,Tomas Berdych,29,"4,600",24,2014
8,Milos Raonic,24,"4,440",21,2014
9,Marin Cilic,26,"4,150",25,2014
10,David Ferrer,32,"4,045",26,2014
11,Grigor Dimitrov,23,"3,645",21,2014
12,Jo-Wilfried Tsonga,29,"2,740",20,2014
13,Ernests Gulbis,26,"2,455",24,2014
14,Feliciano Lopez,33,"2,130",27,2014
15,Roberto Bautista Agut,26,"2,110",24,2014
16,Kevin Anderson,28,"2,080",24,2014
17,Tommy Robredo,32,"2,015",26,2014
18,Gael Monfils,28,"1,900",20,2014
19,John Isner,29,"1,890",24,2014
20,Fabio Fognini,27,"1,790",26,2014
21,Gilles Simon,30,"1,730",25,2014
22,David Goffin,24,"1,599",26,2014
23,Alexandr Dolgopolov,26,"1,455",25,2014
24,Philipp Kohlschreiber,31,"1,415",30,2014
25,Julien Benneteau,33,"1,365",24,2014
26,Richard Gasquet,28,"1,350",23,2014
27,Ivo Karlovic,35,"1,320",28,2014
28,Leonardo Mayer,27,"1,299",22,2014
29,Jeremy Chardy,27,"1,240",27,2014
30,Pablo Cuevas,28,"1,222",23,2014
31,Lukas Rosol,29,"1,210",31,2014
32,Santiago Giraldo,27,"1,175",28,2014
33,Fernando Verdasco,31,"1,135",23,2014
34,Martin Klizan,25,"1,094",21,2014
35,Sam Querrey,27,"1,090",25,2014
36,Guillermo Garcia-Lopez,31,"1,040",28,2014
37,Steve Johnson,25,999,27,2014
38,Yen-Hsun Lu,31,993,25,2014
39,Dominic Thiem,21,989,24,2014
40,Benjamin Becker,33,973,30,2014
41,Pablo Andujar,28,950,26,2014
42,Jack Sock,22,934,23,2014
43,Jerzy Janowicz,24,915,24,2014
44,Adrian Mannarino,26,898,32,2014
45,Andreas Seppi,30,870,30,2014
46,Marcel Granollers,28,860,29,2014
47,Gilles Muller,31,855,22,2014
48,Mikhail Youzhny,32,850,26,2014
49,Denis Istomin,28,850,27,2014
50,Lleyton Hewitt,33,845,19,2014
51,Pablo Carreno Busta,23,841,30,2014
52,Nick Kyrgios,19,830,13,2014
53,Vasek Pospisil,24,830,27,2014
54,Joao Sousa,25,822,34,2014
55,Simone Bolelli,29,810,22,2014
56,Bernard Tomic,22,797,20,2014
57,Donald Young,25,796,26,2014
58,Sergiy Stakhovsky,28,781,28,2014
59,Jan-Lennard Struff,24,781,25,2014
60,Federico Delbonis,24,775,30,2014
61,Diego Schwartzman,22,775,25,2014
62,Juan Monaco,30,770,21,2014
63,Albert Ramos-Vinolas,26,761,31,2014
64,Paolo Lorenzi,33,759,26,2014
65,Thomaz Bellucci,26,753,21,2014
66,Jiri Vesely,21,743,27,2014
67,Teymuraz Gabashvili,29,730,27,2014
68,Radek Stepanek,36,715,21,2014
69,Dusan Lajovic,24,711,22,2014
70,Mikhail Kukushkin,27,705,28,2014
71,Nicolas Almagro,29,700,20,2014
72,Carlos Berlocq,31,700,23,2014
73,Jarkko Nieminen,33,693,29,2014
74,Andrey Golubev,27,691,26,2014
75,Marinko Matosevic,29,682,24,2014
76,Malek Jaziri,30,676,31,2014
77,Tommy Haas,36,675,20,2014
78,Victor Estrella Burgos,34,659,24,2014
79,Peter Gojowczyk,25,641,21,2014
80,Blaz Rola,24,632,30,2014
81,Sam Groth,27,625,27,2014
82,Andreas Haider-Maurer,27,621,28,2014
83,Robin Haase,27,620,31,2014
84,Igor Sijsling,27,619,37,2014
85,Marcos Baghdatis,29,610,17,2014
86,Ricardas Berankis,24,605,24,2014
87,Edouard Roger-Vasselin,31,600,28,2014
88,Alejandro Falla,31,596,25,2014
89,Dustin Brown,30,596,31,2014
90,Joao Souza,26,593,25,2014
91,Alejandro Gonzalez,25,582,30,2014
92,Andrey Kuznetsov,23,580,19,2014
93,Tatsuma Ito,26,576,24,2014
94,Lukas Lacko,27,576,28,2014
95,Ivan Dodig,29,575,24,2014
96,Paul-Henri Mathieu,32,565,25,2014
97,Tobias Kamke,28,564,28,2014
98,Dudi Sela,29,560,26,2014
99,Go Soeda,30,559,24,2014
100,Filip Krajinovic,22,558,26,2014
1,Novak Djokovic,28,"16,585",18,2015
2,Andy Murray,28,"8,945",20,2015
3,Roger Federer,34,"8,265",18,2015
4,Stan Wawrinka,30,"6,865",23,2015
5,Rafael Nadal,29,"5,230",23,2015
6,Tomas Berdych,30,"4,620",22,2015
7,David Ferrer,33,"4,305",20,2015
8,Kei Nishikori,25,"4,235",21,2015
9,Richard Gasquet,29,"2,850",20,2015
10,Jo-Wilfried Tsonga,30,"2,635",18,2015
11,John Isner,30,"2,495",25,2015
12,Kevin Anderson,29,"2,475",25,2015
13,Marin Cilic,27,"2,405",22,2015
14,Milos Raonic,25,"2,170",20,2015
15,Gilles Simon,31,"2,145",24,2015
16,David Goffin,25,"1,880",26,2015
17,Feliciano Lopez,34,"1,690",26,2015
18,Bernard Tomic,23,"1,675",29,2015
19,Benoit Paire,26,"1,633",30,2015
20,Dominic Thiem,22,"1,600",30,2015
21,Fabio Fognini,28,"1,515",26,2015
22,Viktor Troicki,29,"1,487",30,2015
23,Ivo Karlovic,36,"1,485",26,2015
24,Gael Monfils,29,"1,485",22,2015
25,Roberto Bautista Agut,27,"1,480",29,2015
26,Jack Sock,23,"1,465",21,2015
27,Guillermo Garcia-Lopez,32,"1,430",27,2015
28,Grigor Dimitrov,24,"1,360",23,2015
29,Andreas Seppi,31,"1,360",26,2015
30,Nick Kyrgios,20,"1,260",20,2015
31,Jeremy Chardy,28,"1,255",28,2015
32,Steve Johnson,26,"1,240",29,2015
33,Joao Sousa,26,"1,191",31,2015
34,Philipp Kohlschreiber,32,"1,185",25,2015
35,Leonardo Mayer,28,"1,150",25,2015
36,Alexandr Dolgopolov,27,"1,135",26,2015
37,Thomaz Bellucci,27,"1,105",30,2015
38,Gilles Muller,32,"1,105",25,2015
39,Vasek Pospisil,25,"1,075",24,2015
40,Pablo Cuevas,29,"1,065",27,2015
41,Jiri Vesely,22,"1,057",32,2015
42,Tommy Robredo,33,"1,000",21,2015
43,Martin Klizan,26,980,30,2015
44,Borna Coric,19,941,30,2015
45,Aljaz Bedene,26,939,22,2015
46,Marcos Baghdatis,30,933,23,2015
47,Adrian Mannarino,27,930,32,2015
48,Donald Young,26,907,24,2015
49,Fernando Verdasco,32,900,26,2015
50,Teymuraz Gabashvili,30,863,30,2015
51,Hyeon Chung,19,817,23,2015
52,Federico Delbonis,25,815,26,2015
53,Juan Monaco,31,810,21,2015
54,Albert Ramos-Vinolas,27,798,29,2015
55,Lukas Rosol,30,797,31,2015
56,Victor Estrella Burgos,35,797,25,2015
57,Jerzy Janowicz,25,795,26,2015
58,Simone Bolelli,30,790,27,2015
59,Sam Querrey,28,785,24,2015
60,Sam Groth,28,782,26,2015
61,Denis Istomin,29,781,29,2015
62,Sergiy Stakhovsky,29,780,31,2015
63,Andreas Haider-Maurer,28,775,29,2015
64,Pablo Andujar,29,770,24,2015
65,Mikhail Kukushkin,28,762,26,2015
66,Robin Haase,28,740,27,2015
67,Pablo Carreno Busta,24,734,32,2015
68,Paolo Lorenzi,34,725,35,2015
69,Denis Kudla,23,719,26,2015
70,Santiago Giraldo,28,716,30,2015
71,Nicolas Mahut,33,710,20,2015
72,Inigo Cervantes,26,703,29,2015
73,Nicolas Almagro,30,694,23,2015
74,Guido Pella,25,693,25,2015
75,Daniel Munoz de la Nava,33,681,22,2015
76,Dusan Lajovic,25,678,28,2015
77,Yen-Hsun Lu,32,674,28,2015
78,Lucas Pouille,21,672,22,2015
79,Andrey Kuznetsov,24,663,22,2015
80,Thanasi Kokkinakis,19,656,20,2015
81,Ernests Gulbis,27,655,25,2015
82,Damir Dzumhur,23,649,27,2015
83,Alexander Zverev,18,647,24,2015
84,Marcel Granollers,29,645,30,2015
85,Ricardas Berankis,25,641,28,2015
86,Steve Darcis,31,638,21,2015
87,Ivan Dodig,30,636,21,2015
88,Diego Schwartzman,23,624,29,2015
89,Rajeev Ram,31,623,17,2015
90,Marco Cecchinato,23,618,23,2015
91,Evgeny Donskoy,25,615,28,2015
92,John Millman,26,611,25,2015
93,Yuki Bhambri,23,610,21,2015
94,Illya Marchenko,28,605,25,2015
95,Paul-Henri Mathieu,33,604,25,2015
96,Taro Daniel,22,603,26,2015
97,Benjamin Becker,34,591,28,2015
98,Daniel Gimeno-Traver,30,590,26,2015
99,Thiemo de Bakker,27,587,26,2015
100,Dudi Sela,30,578,21,2015
1,Andy Murray,29,"12,410",16,2016
2,Novak Djokovic,29,"11,780",17,2016
3,Milos Raonic,25,"5,450",19,2016
4,Stan Wawrinka,31,"5,315",21,2016
5,Kei Nishikori,26,"4,905",20,2016
6,Marin Cilic,28,"3,650",22,2016
7,Gael Monfils,30,"3,625",18,2016
8,Dominic Thiem,23,"3,415",28,2016
9,Rafael Nadal,30,"3,300",16,2016
10,Tomas Berdych,31,"3,060",21,2016
11,David Goffin,26,"2,750",24,2016
12,Jo-Wilfried Tsonga,31,"2,550",17,2016
13,Nick Kyrgios,21,"2,460",20,2016
14,Roberto Bautista Agut,28,"2,350",25,2016
15,Lucas Pouille,22,"2,156",24,2016
16,Roger Federer,35,"2,130",15,2016
17,Grigor Dimitrov,25,"2,035",25,2016
18,Richard Gasquet,30,"1,885",20,2016
19,John Isner,31,"1,850",21,2016
20,Ivo Karlovic,37,"1,795",24,2016
21,David Ferrer,34,"1,785",22,2016
22,Pablo Cuevas,30,"1,780",25,2016
23,Jack Sock,24,"1,710",19,2016
24,Alexander Zverev,19,"1,655",24,2016
25,Gilles Simon,31,"1,585",25,2016
26,Bernard Tomic,24,"1,465",25,2016
27,Albert Ramos-Vinolas,28,"1,435",32,2016
28,Feliciano Lopez,35,"1,410",25,2016
29,Viktor Troicki,30,"1,385",28,2016
30,Pablo Carreno Busta,25,"1,370",28,2016
31,Sam Querrey,29,"1,355",25,2016
32,Philipp Kohlschreiber,33,"1,325",23,2016
33,Steve Johnson,27,"1,320",28,2016
34,Gilles Muller,33,"1,255",24,2016
35,Martin Klizan,27,"1,230",22,2016
36,Marcos Baghdatis,31,"1,140",23,2016
37,Marcel Granollers,30,"1,136",28,2016
38,Juan Martin del Potro,28,"1,110",14,2016
39,Nicolas Mahut,34,"1,102",21,2016
40,Paolo Lorenzi,35,"1,090",31,2016
41,Federico Delbonis,26,"1,040",23,2016
42,Fernando Verdasco,33,"1,035",27,2016
43,Joao Sousa,27,"1,030",32,2016
44,Nicolas Almagro,31,"1,013",26,2016
45,Kyle Edmund,21,"1,001",23,2016
46,Andrey Kuznetsov,25,970,21,2016
47,Benoit Paire,27,960,32,2016
48,Borna Coric,20,945,21,2016
49,Fabio Fognini,29,945,24,2016
50,Florian Mayer,33,903,18,2016
51,Mischa Zverev,29,874,26,2016
52,Diego Schwartzman,24,864,24,2016
53,Karen Khachanov,20,863,26,2016
54,Stephane Robert,36,854,27,2016
55,Jiri Vesely,23,848,24,2016
56,Facundo Bagnis,26,835,29,2016
57,Mikhail Youzhny,34,826,26,2016
58,Malek Jaziri,32,814,30,2016
59,Robin Haase,29,795,28,2016
60,Adrian Mannarino,28,791,31,2016
61,Thomaz Bellucci,28,771,24,2016
62,Alexandr Dolgopolov,28,760,19,2016
63,Jan-Lennard Struff,26,758,31,2016
64,Yen-Hsun Lu,33,754,18,2016
65,Juan Monaco,32,740,15,2016
66,Daniel Evans,26,736,22,2016
67,Kevin Anderson,30,735,23,2016
68,Gerald Melzer,26,728,27,2016
69,Jeremy Chardy,29,725,24,2016
70,Guillermo Garcia-Lopez,33,725,31,2016
71,Horacio Zeballos,31,722,31,2016
72,Dustin Brown,32,710,21,2016
73,Paul-Henri Mathieu,34,710,25,2016
74,Illya Marchenko,29,705,25,2016
75,Adam Pavlasek,22,704,25,2016
76,Taylor Fritz,19,701,27,2016
77,Damir Dzumhur,24,699,26,2016
78,Pierre-Hugues Herbert,25,698,18,2016
79,Jordan Thompson,22,689,30,2016
80,Guido Pella,26,685,21,2016
81,Gastao Elias,26,675,29,2016
82,Thiago Monteiro,22,674,23,2016
83,Renzo Olivo,24,670,23,2016
84,John Millman,27,665,25,2016
85,Konstantin Kravchuk,31,660,25,2016
86,Steve Darcis,32,658,16,2016
87,Andreas Seppi,32,655,23,2016
88,Donald Young,27,651,24,2016
89,Mikhail Kukushkin,29,634,23,2016
90,Ryan Harrison,24,632,23,2016
91,Santiago Giraldo,29,632,28,2016
92,Ricardas Berankis,26,630,24,2016
93,Dusan Lajovic,26,627,27,2016
94,Nikoloz Basilashvili,24,618,26,2016
95,Carlos Berlocq,33,617,20,2016
96,Dudi Sela,31,616,25,2016
97,Radu Albot,27,614,32,2016
98,Rogerio Dutra Silva,32,613,32,2016
99,Daniil Medvedev,20,611,26,2016
100,Yoshihito Nishioka,21,604,29,2016
1,Rafael Nadal,31,"10,645",18,2017
2,Roger Federer,36,"9,605",17,2017
3,Grigor Dimitrov,26,"5,150",23,2017
4,Alexander Zverev,20,"4,610",25,2017
5,Dominic Thiem,24,"4,015",27,2017
6,Marin Cilic,29,"3,805",22,2017
7,David Goffin,27,"3,775",26,2017
8,Jack Sock,25,"3,165",22,2017
9,Stan Wawrinka,32,"3,150",15,2017
10,Pablo Carreno Busta,26,"2,615",25,2017
11,Juan Martin del Potro,29,"2,595",19,2017
12,Novak Djokovic,30,"2,585",16,2017
13,Sam Querrey,30,"2,535",23,2017
14,Kevin Anderson,31,"2,480",22,2017
15,Jo-Wilfried Tsonga,32,"2,320",20,2017
16,Andy Murray,30,"2,290",16,2017
17,John Isner,32,"2,265",24,2017
18,Lucas Pouille,23,"2,235",24,2017
19,Tomas Berdych,32,"2,095",19,2017
20,Roberto Bautista Agut,29,"2,015",24,2017
21,Nick Kyrgios,22,"2,010",19,2017
22,Kei Nishikori,27,"1,885",19,2017
23,Albert Ramos-Vinolas,29,"1,845",30,2017
24,Milos Raonic,26,"1,795",20,2017
25,Gilles Muller,34,"1,695",22,2017
26,Diego Schwartzman,25,"1,675",27,2017
27,Fabio Fognini,30,"1,670",24,2017
28,Adrian Mannarino,29,"1,635",29,2017
29,Philipp Kohlschreiber,34,"1,440",22,2017
30,Damir Dzumhur,25,"1,391",28,2017
31,Richard Gasquet,31,"1,375",21,2017
32,Pablo Cuevas,31,"1,370",25,2017
33,Mischa Zverev,30,"1,302",31,2017
34,Filip Krajinovic,25,"1,298",26,2017
35,Fernando Verdasco,34,"1,295",25,2017
36,Feliciano Lopez,36,"1,295",25,2017
37,David Ferrer,35,"1,290",23,2017
38,Alexandr Dolgopolov,29,"1,231",24,2017
39,Andrey Rublev,20,"1,229",22,2017
40,Yuichi Sugita,29,"1,219",27,2017
41,Benoit Paire,28,"1,155",33,2017
42,Robin Haase,30,"1,130",30,2017
43,Paolo Lorenzi,36,"1,095",34,2017
44,Steve Johnson,28,"1,055",26,2017
45,Karen Khachanov,21,"1,030",28,2017
46,Gael Monfils,31,"1,015",17,2017
47,Ryan Harrison,25,"1,010",26,2017
48,Borna Coric,21,"1,001",28,2017
49,Aljaz Bedene,28,993,21,2017
50,Kyle Edmund,22,992,27,2017
51,Denis Shapovalov,18,981,23,2017
52,Leonardo Mayer,30,909,18,2017
53,Jan-Lennard Struff,27,898,32,2017
54,Jared Donaldson,21,890,27,2017
55,Viktor Troicki,31,880,28,2017
56,Julien Benneteau,36,855,19,2017
57,Joao Sousa,28,850,30,2017
58,Hyeon Chung,21,844,21,2017
59,Nikoloz Basilashvili,25,826,30,2017
60,Peter Gojowczyk,28,817,21,2017
61,Donald Young,28,816,24,2017
62,Jiri Vesely,24,815,26,2017
63,Denis Istomin,31,809,23,2017
64,Guido Pella,27,774,23,2017
65,Daniil Medvedev,21,772,25,2017
66,Horacio Zeballos,32,768,30,2017
67,Dudi Sela,32,755,23,2017
68,Federico Delbonis,27,755,19,2017
69,Florian Mayer,34,718,21,2017
70,Guillermo Garcia-Lopez,34,714,29,2017
71,Yen-Hsun Lu,34,704,24,2017
72,Evgeny Donskoy,27,704,28,2017
73,Thomas Fabbiano,28,701,26,2017
74,Mikhail Kukushkin,29,693,24,2017
75,Dusan Lajovic,27,687,27,2017
76,Matthew Ebden,30,670,21,2017
77,Steve Darcis,33,667,22,2017
78,Jeremy Chardy,30,665,27,2017
79,Frances Tiafoe,19,662,25,2017
80,Ivo Karlovic,38,660,23,2017
81,Pierre-Hugues Herbert,26,652,23,2017
82,Cedrik-Marcel Stebe,27,651,21,2017
83,Victor Estrella Burgos,37,648,24,2017
84,Mikhail Youzhny,35,633,26,2017
85,Marton Fucsovics,25,630,24,2017
86,Andreas Seppi,33,616,24,2017
87,Radu Albot,28,616,30,2017
88,Laslo Djere,22,612,28,2017
89,Gilles Simon,32,610,26,2017
90,Maximilian Marterer,22,608,28,2017
91,Stefanos Tsitsipas,19,606,30,2017
92,Lukas Lacko,30,605,24,2017
93,Marius Copil,27,601,25,2017
94,Jordan Thompson,23,593,26,2017
95,Nicolas Kicker,25,590,26,2017
96,Tennys Sandgren,26,583,31,2017
97,Blaz Kavcic,30,581,26,2017
98,Malek Jaziri,33,580,32,2017
99,Taro Daniel,24,579,26,2017
100,Gerald Melzer,27,572,24,2017
1,Novak Djokovic,31,"9,045",17,2018
2,Rafael Nadal,32,"7,480",13,2018
3,Roger Federer,37,"6,420",17,2018
4,Alexander Zverev,21,"6,385",21,2018
5,Juan Martin del Potro,30,"5,300",18,2018
6,Kevin Anderson,32,"4,710",20,2018
7,Marin Cilic,30,"4,250",19,2018
8,Dominic Thiem,25,"4,095",25,2018
9,Kei Nishikori,29,"3,590",24,2018
10,John Isner,33,"3,155",23,2018
11,Karen Khachanov,22,"2,835",25,2018
12,Borna Coric,22,"2,480",20,2018
13,Fabio Fognini,31,"2,315",25,2018
14,Kyle Edmund,23,"2,150",23,2018
15,Stefanos Tsitsipas,20,"2,095",30,2018
16,Daniil Medvedev,22,"1,977",27,2018
17,Diego Schwartzman,26,"1,880",26,2018
18,Milos Raonic,28,"1,855",20,2018
19,Grigor Dimitrov,27,"1,835",20,2018
20,Marco Cecchinato,26,"1,819",30,2018
21,Nikoloz Basilashvili,26,"1,795",29,2018
22,David Goffin,28,"1,785",20,2018
23,Pablo Carreno Busta,27,"1,705",22,2018
24,Roberto Bautista Agut,30,"1,605",24,2018
25,Hyeon Chung,22,"1,585",23,2018
26,Richard Gasquet,32,"1,535",25,2018
27,Denis Shapovalov,19,"1,440",27,2018
28,Fernando Verdasco,35,"1,410",28,2018
29,Gael Monfils,32,"1,400",24,2018
30,Gilles Simon,34,"1,370",28,2018
31,Alex de Minaur,19,"1,298",26,2018
32,Lucas Pouille,24,"1,245",23,2018
33,Steve Johnson,29,"1,190",25,2018
34,Philipp Kohlschreiber,35,"1,125",23,2018
35,Nick Kyrgios,23,"1,125",21,2018
36,Marton Fucsovics,26,"1,122",27,2018
37,Andreas Seppi,34,"1,106",24,2018
38,John Millman,29,"1,083",23,2018
39,Frances Tiafoe,20,"1,080",25,2018
40,Jeremy Chardy,31,"1,050",25,2018
41,Martin Klizan,29,"1,050",20,2018
42,Adrian Mannarino,30,"1,045",29,2018
43,Nicolas Jarry,23,"1,022",22,2018
44,Joao Sousa,29,"1,017",29,2018
45,Malek Jaziri,34,"1,014",30,2018
46,Matthew Ebden,31,"1,001",27,2018
47,Damir Dzumhur,26,985,31,2018
48,Dusan Lajovic,28,985,25,2018
49,Taylor Fritz,21,974,26,2018
50,Robin Haase,31,965,28,2018
51,Sam Querrey,31,955,23,2018
52,Benoit Paire,29,935,29,2018
53,Mikhail Kukushkin,31,935,24,2018
54,Matteo Berrettini,22,932,24,2018
55,Pierre-Hugues Herbert,27,903,25,2018
56,Leonardo Mayer,31,895,25,2018
57,Jan-Lennard Struff,28,875,25,2018
58,Guido Pella,28,860,25,2018
59,Peter Gojowczyk,29,855,25,2018
60,Marius Copil,28,823,23,2018
61,Tennys Sandgren,27,814,23,2018
62,Ryan Harrison,26,810,21,2018
63,Denis Kudla,26,810,27,2018
64,Feliciano Lopez,37,795,21,2018
65,Albert Ramos-Vinolas,30,790,29,2018
66,Stan Wawrinka,33,785,17,2018
67,Aljaz Bedene,29,780,21,2018
68,Andrey Rublev,21,760,24,2018
69,Mischa Zverev,31,750,31,2018
70,Vasek Pospisil,28,716,26,2018
71,Tomas Berdych,33,715,16,2018
72,Jordan Thompson,24,715,30,2018
73,Roberto Carballes Baena,25,714,29,2018
74,Maximilian Marterer,23,706,27,2018
75,Yoshihito Nishioka,23,701,23,2018
76,Bradley Klahn,28,699,24,2018
77,Taro Daniel,25,691,24,2018
78,Mackenzie McDonald,23,688,25,2018
79,Guido Andreozzi,27,682,25,2018
80,Federico Delbonis,28,678,24,2018
81,Jaume Munar,21,663,29,2018
82,Pablo Andujar,32,658,21,2018
83,Bernard Tomic,26,655,13,2018
84,Christian Garin,22,650,22,2018
85,Jozef Kovalik,26,638,18,2018
86,Hubert Hurkacz,21,636,24,2018
87,Mirza Basic,27,636,25,2018
88,Pablo Cuevas,32,630,23,2018
89,Jiri Vesely,25,629,24,2018
90,Cameron Norrie,23,627,22,2018
91,Ilya Ivashka,24,622,21,2018
92,Denis Istomin,32,622,24,2018
93,Laslo Djere,23,621,25,2018
94,Filip Krajinovic,26,620,21,2018
95,Ernests Gulbis,30,612,15,2018
96,Marcel Granollers,32,598,24,2018
97,Evgeny Donskoy,28,594,26,2018
98,Radu Albot,29,592,34,2018
99,Reilly Opelka,21,590,18,2018
100,Ivo Karlovic,39,589,23,2018
