player,percentage_return,games_won_return,games_total_return,matches,year
Magnus Gustafsson,36.48%,274,751,69,1991
Thomas Muster,36.00%,189,525,49,1991
Michael Chang,35.20%,251,713,67,1991
Andrei Chesnokov,35.14%,195,555,51,1991
Jordi Arrese,34.34%,227,661,58,1991
Fabrice Santoro,33.98%,176,518,51,1991
Stefan Edberg,33.33%,348,"1,044",93,1991
Sergi Bruguera,33.16%,260,784,73,1991
Francisco Clavet,33.00%,234,709,64,1991
Goran Prpic,32.17%,240,746,70,1991
Christian Bergstrom,31.61%,189,598,53,1991
Anders Jarryd,31.46%,151,480,47,1991
Renzo Furlan,31.45%,167,531,48,1991
Patrick McEnroe,30.29%,176,581,50,1991
Petr Korda,29.60%,227,767,69,1991
Jim Courier,29.52%,258,874,78,1991
Ivan Lendl,29.44%,272,924,73,1991
Marian Vajda,29.27%,144,492,44,1991
Horst Skoff,29.12%,203,697,64,1991
Jaime Oncins,28.96%,128,442,44,1991
Andre Agassi,28.73%,185,644,56,1991
Brad Gilbert,28.66%,184,642,61,1991
Richey Reneberg,28.36%,169,596,49,1991
Andrei Cherkasov,28.35%,224,790,73,1991
Paul Haarhuis,28.18%,155,550,54,1991
Thierry Champion,28.14%,179,636,53,1991
John McEnroe,27.88%,155,556,51,1991
Jonas Svensson,27.88%,150,538,45,1991
Carl-Uwe Steeb,27.43%,175,638,57,1991
Boris Becker,26.98%,215,797,62,1991
Wayne Ferreira,26.82%,144,537,47,1991
Alexander Volkov,26.64%,232,871,76,1991
Mark Koevermans,26.64%,118,443,45,1991
Todd Woodbridge,26.47%,140,529,48,1991
MaliVai Washington,26.39%,171,648,55,1991
Jean-Philippe Fleurian,26.32%,145,551,48,1991
Omar Camporese,26.19%,198,756,65,1991
Martin Jaite,26.04%,131,503,48,1991
Pete Sampras,26.00%,209,804,71,1991
Javier Sanchez,25.99%,196,754,64,1991
Aaron Krickstein,25.93%,153,590,52,1991
Cristiano Caratti,25.88%,147,568,44,1991
Nicklas Kulti,25.85%,121,468,44,1991
Amos Mansdorf,25.81%,143,554,50,1991
Karel Novacek,25.75%,256,994,88,1991
Patrik Kuhnen,25.05%,138,551,45,1991
Emilio Sanchez,25.00%,169,676,68,1991
Guy Forget,24.56%,223,908,84,1991
Michael Stich,24.10%,255,"1,058",99,1991
David Wheaton,23.99%,143,596,52,1991
Wally Masur,23.88%,155,649,54,1991
Derrick Rostagno,23.71%,174,734,63,1991
Jan Siemerink,22.71%,149,656,51,1991
Luiz Mattar,22.51%,106,471,46,1991
Jakob Hlasek,22.38%,186,831,77,1991
Shuzo Matsuoka,22.27%,106,476,44,1991
Goran Ivanisevic,21.66%,146,674,64,1991
Richard Krajicek,20.78%,122,587,46,1991
Marc Rosset,19.77%,104,526,53,1991
Michael Chang,36.70%,323,880,80,1992
Aaron Krickstein,34.03%,180,529,46,1992
Andre Agassi,33.67%,203,603,57,1992
Renzo Furlan,33.57%,192,572,55,1992
Jordi Arrese,33.40%,178,533,54,1992
Sergi Bruguera,32.71%,211,645,68,1992
Jaime Oncins,32.44%,157,484,52,1992
Christian Bergstrom,31.98%,173,541,46,1992
Carlos Costa,31.84%,220,691,61,1992
Petr Korda,31.39%,318,"1,013",92,1992
Fabrice Santoro,31.18%,159,510,51,1992
Francisco Clavet,29.92%,231,772,68,1992
Karel Novacek,29.88%,205,686,68,1992
Jim Courier,29.84%,296,992,87,1992
Magnus Gustafsson,29.38%,156,531,54,1992
Thomas Muster,29.16%,205,703,62,1992
Andrei Chesnokov,28.88%,199,689,59,1992
MaliVai Washington,28.83%,239,829,72,1992
Ivan Lendl,28.39%,264,930,74,1992
Thierry Champion,28.37%,160,564,51,1992
Jaime Yzaga,28.20%,150,532,49,1992
Stefan Edberg,27.42%,297,"1,083",92,1992
Wayne Ferreira,27.41%,253,923,74,1992
Emilio Sanchez,27.32%,221,809,75,1992
Brad Gilbert,27.28%,221,810,65,1992
Marcelo Filippini,27.12%,144,531,50,1992
Jeff Tarango,27.01%,178,659,52,1992
Pete Sampras,26.68%,266,997,91,1992
Alexander Volkov,26.59%,247,929,80,1992
John McEnroe,26.55%,163,614,50,1992
Gianluca Pozzi,26.34%,182,691,56,1992
Horst Skoff,26.19%,121,462,47,1992
Carl-Uwe Steeb,26.06%,178,683,62,1992
Mark Woodforde,25.74%,156,606,50,1992
Todd Woodbridge,25.66%,146,569,47,1992
Arnaud Boetsch,25.04%,174,695,60,1992
Amos Mansdorf,24.63%,184,747,62,1992
Javier Sanchez,24.38%,196,804,65,1992
Boris Becker,24.20%,196,810,67,1992
Andrei Cherkasov,24.17%,174,720,70,1992
Alberto Mancini,24.08%,131,544,51,1992
Jakob Hlasek,23.61%,127,538,59,1992
Cedric Pioline,23.33%,175,750,58,1992
Paul Haarhuis,23.17%,158,682,66,1992
Omar Camporese,23.13%,145,627,53,1992
Stefano Pescosolido,23.09%,130,563,48,1992
David Wheaton,23.00%,161,700,53,1992
Michael Stich,22.62%,166,734,68,1992
Marc Rosset,22.39%,146,652,69,1992
Wally Masur,22.32%,185,829,70,1992
Richard Krajicek,21.75%,191,878,72,1992
Derrick Rostagno,20.60%,117,568,47,1992
Goran Ivanisevic,20.37%,186,913,80,1992
Guy Forget,20.24%,170,840,70,1992
Magnus Larsson,20.07%,121,603,50,1992
Jim Grabb,19.38%,125,645,55,1992
Olivier Delaitre,19.34%,99,512,45,1992
Jan Siemerink,16.47%,96,583,50,1992
Andre Agassi,37.34%,180,482,44,1993
Sergi Bruguera,35.31%,328,929,90,1993
Alberto Berasategui,34.10%,178,522,47,1993
Thomas Muster,33.33%,381,"1,143",98,1993
Michael Chang,32.53%,324,996,87,1993
Petr Korda,31.97%,251,785,77,1993
Andrei Chesnokov,31.88%,242,759,68,1993
Carlos Costa,31.78%,259,815,71,1993
Aaron Krickstein,30.63%,166,542,45,1993
Richey Reneberg,30.35%,210,692,64,1993
Stefan Edberg,30.25%,304,"1,005",87,1993
Tomas Carbonell,30.04%,164,546,46,1993
Fabrice Santoro,29.81%,169,567,52,1993
Francisco Clavet,29.79%,157,527,46,1993
Magnus Gustafsson,29.78%,277,930,82,1993
Alex Corretja,29.67%,143,482,47,1993
Jim Courier,29.49%,279,946,75,1993
Marcos Ondruska,29.45%,182,618,61,1993
Patrick McEnroe,29.03%,144,496,46,1993
Javier Sanchez,28.89%,247,855,70,1993
Jaime Yzaga,28.77%,183,636,57,1993
Jonas Svensson,28.74%,215,748,62,1993
Renzo Furlan,28.36%,171,603,55,1993
Pete Sampras,27.49%,320,"1,164",101,1993
Arnaud Boetsch,27.25%,221,811,72,1993
Ivan Lendl,26.82%,177,660,56,1993
Jeff Tarango,26.80%,153,571,50,1993
Andrei Medvedev,26.74%,277,"1,036",81,1993
Andrei Cherkasov,26.68%,203,761,68,1993
Amos Mansdorf,26.68%,195,731,67,1993
Ronald Agenor,26.68%,139,521,44,1993
Alexander Volkov,26.56%,230,866,74,1993
Marcelo Filippini,26.48%,130,491,44,1993
David Wheaton,26.05%,180,691,54,1993
Mark Woodforde,25.86%,151,584,52,1993
Karel Novacek,25.61%,200,781,68,1993
Christian Bergstrom,25.23%,139,551,46,1993
Wayne Ferreira,25.16%,199,791,69,1993
Todd Martin,25.03%,204,815,68,1993
Cedric Pioline,25.00%,254,"1,016",78,1993
MaliVai Washington,24.90%,179,719,62,1993
Carl-Uwe Steeb,24.48%,106,433,44,1993
Brad Gilbert,24.26%,180,742,59,1993
Paul Haarhuis,24.08%,163,677,60,1993
Brett Steven,24.06%,166,690,62,1993
Jason Stoltenberg,24.03%,130,541,48,1993
Guillaume Raoux,23.99%,154,642,55,1993
Boris Becker,23.45%,182,776,61,1993
Marc Rosset,23.20%,177,763,71,1993
Rodolphe Gilbert,23.14%,131,566,47,1993
Emilio Sanchez,23.04%,150,651,54,1993
Marc-Kevin Goellner,22.56%,169,749,64,1993
Bernd Karbacher,22.53%,132,586,46,1993
Michael Stich,22.33%,251,"1,124",98,1993
Chuck Adams,22.20%,141,635,50,1993
Wally Masur,21.93%,159,725,60,1993
Goran Ivanisevic,21.33%,180,844,75,1993
Nicklas Kulti,21.33%,128,600,52,1993
Jonathan Stark,21.11%,129,611,51,1993
Jakob Hlasek,21.05%,120,570,52,1993
Henrik Holm,20.93%,140,669,55,1993
Andrei Olhovskiy,20.72%,133,642,56,1993
Richard Krajicek,20.45%,153,748,57,1993
Magnus Larsson,20.15%,136,675,57,1993
Richard Fromberg,19.23%,160,832,68,1993
Jan Siemerink,18.93%,117,618,49,1993
Bryan Shelton,18.37%,106,577,44,1993
Kenneth Carlsen,17.51%,90,514,48,1993
Jamie Morgan,17.26%,112,649,49,1993
Jacco Eltingh,16.18%,88,544,48,1993
Stephane Simian,15.32%,87,568,44,1993
Alberto Berasategui,36.83%,365,991,91,1994
Slava Dosedel,36.10%,239,662,61,1994
Sergi Bruguera,35.11%,350,997,91,1994
Andre Agassi,34.00%,273,803,66,1994
Jordi Arrese,32.95%,173,525,46,1994
Michael Chang,32.78%,314,958,87,1994
Tomas Carbonell,32.20%,199,618,55,1994
Thomas Muster,31.77%,298,938,83,1994
Andrei Chesnokov,31.62%,234,740,67,1994
Alex Corretja,31.28%,259,828,66,1994
Stefan Edberg,31.24%,279,893,86,1994
Francisco Clavet,30.66%,172,561,46,1994
Marcelo Filippini,30.46%,120,394,45,1994
Andrei Medvedev,30.45%,201,660,52,1994
Carlos Costa,30.41%,236,776,66,1994
Gilbert Schaller,29.91%,160,535,51,1994
Yevgeny Kafelnikov,29.57%,309,"1,045",95,1994
Renzo Furlan,29.54%,192,650,58,1994
Richey Reneberg,29.51%,203,688,57,1994
Pete Sampras,29.38%,290,987,89,1994
Petr Korda,29.00%,192,662,60,1994
Jonas Bjorkman,28.81%,204,708,57,1994
Jim Courier,28.74%,215,748,66,1994
Wayne Ferreira,28.71%,319,"1,111",95,1994
Ivan Lendl,27.91%,144,516,46,1994
Jason Stoltenberg,27.75%,202,728,63,1994
Lars Jonsson,27.64%,136,492,44,1994
Andrea Gaudenzi,27.61%,201,728,69,1994
Aaron Krickstein,27.61%,188,681,55,1994
Jaime Yzaga,27.35%,201,735,63,1994
MaliVai Washington,26.23%,198,755,59,1994
Jordi Burillo,25.44%,145,570,52,1994
Todd Martin,25.06%,227,906,73,1994
Alexander Volkov,25.00%,220,880,74,1994
Jeff Tarango,25.00%,141,564,50,1994
Bernd Karbacher,24.80%,185,746,63,1994
Brett Steven,24.54%,132,538,49,1994
Cedric Pioline,24.25%,186,767,62,1994
Michael Stich,24.23%,229,945,84,1994
Arnaud Boetsch,24.21%,131,541,53,1994
Mark Woodforde,24.10%,148,614,57,1994
Olivier Delaitre,23.99%,130,542,46,1994
Jared Palmer,23.52%,135,574,47,1994
Boris Becker,23.45%,185,789,66,1994
Richard Krajicek,23.28%,125,537,47,1994
Henrik Holm,23.23%,128,551,44,1994
Stefano Pescosolido,23.09%,118,511,44,1994
Paul Haarhuis,22.94%,125,545,50,1994
Javier Sanchez,22.69%,147,648,58,1994
Byron Black,22.61%,123,544,50,1994
Amos Mansdorf,22.28%,123,552,49,1994
Magnus Larsson,21.96%,141,642,61,1994
David Wheaton,21.90%,122,557,46,1994
Goran Ivanisevic,21.63%,233,"1,077",92,1994
Nicklas Kulti,21.61%,129,597,46,1994
Marc Rosset,21.46%,191,890,75,1994
Karel Novacek,21.40%,180,841,70,1994
David Rikl,21.13%,112,530,47,1994
Karsten Braasch,20.79%,137,659,57,1994
Jakob Hlasek,20.68%,110,532,50,1994
Andrei Olhovskiy,19.63%,128,652,52,1994
Richard Fromberg,18.72%,132,705,53,1994
Chuck Adams,18.12%,104,574,50,1994
Younes El Aynaoui,17.77%,86,484,45,1994
Patrick Rafter,17.52%,157,896,73,1994
Jonathan Stark,17.29%,97,561,49,1994
Kenneth Carlsen,17.24%,85,493,45,1994
Daniel Vacek,16.69%,114,683,51,1994
Jacco Eltingh,16.47%,128,777,65,1994
Greg Rusedski,15.34%,104,678,50,1994
Marc-Kevin Goellner,14.70%,86,585,52,1994
Thomas Muster,35.92%,431,"1,200",104,1995
Bohdan Ulihrach,35.88%,202,563,51,1995
Andre Agassi,35.68%,330,925,82,1995
Francisco Clavet,33.74%,223,661,57,1995
Gilbert Schaller,33.65%,287,853,73,1995
Sergi Bruguera,32.59%,189,580,59,1995
Thomas Enqvist,32.43%,300,925,86,1995
Michael Chang,31.94%,320,"1,002",84,1995
Carlos Costa,31.75%,194,611,54,1995
Slava Dosedel,31.40%,179,570,54,1995
Tomas Carbonell,30.93%,197,637,52,1995
Stefan Edberg,30.19%,211,699,62,1995
Yevgeny Kafelnikov,29.99%,311,"1,037",105,1995
Alberto Berasategui,29.93%,229,765,67,1995
Andrei Medvedev,29.68%,230,775,67,1995
Alex Corretja,29.55%,172,582,51,1995
Jonas Bjorkman,28.96%,214,739,63,1995
Vincent Spadea,28.87%,164,568,49,1995
Albert Costa,28.75%,182,633,55,1995
Andrei Chesnokov,28.54%,129,452,45,1995
Marcelo Rios,28.51%,195,684,62,1995
Javier Sanchez,28.38%,210,740,64,1995
Wayne Ferreira,27.95%,275,984,84,1995
Jason Stoltenberg,27.92%,146,523,47,1995
Andrea Gaudenzi,27.87%,177,635,60,1995
Arnaud Boetsch,26.18%,239,913,78,1995
Mark Woodforde,26.05%,174,668,58,1995
Renzo Furlan,25.99%,203,781,71,1995
Pete Sampras,25.96%,278,"1,071",88,1995
Karol Kucera,25.80%,129,500,51,1995
Petr Korda,25.75%,163,633,50,1995
Jim Courier,25.59%,249,973,83,1995
Bernd Karbacher,25.55%,151,591,52,1995
MaliVai Washington,25.51%,175,686,60,1995
Michael Stich,25.17%,184,731,66,1995
Patrick McEnroe,24.77%,164,662,54,1995
Alexander Volkov,24.54%,174,709,62,1995
Todd Woodbridge,24.20%,152,628,56,1995
Brett Steven,24.00%,156,650,60,1995
Jakob Hlasek,23.88%,170,712,62,1995
Richey Reneberg,23.54%,125,531,45,1995
Boris Becker,23.14%,202,873,72,1995
Byron Black,23.13%,136,588,56,1995
Magnus Larsson,22.93%,141,615,50,1995
David Wheaton,22.48%,145,645,52,1995
Todd Martin,22.44%,180,802,72,1995
Paul Haarhuis,21.88%,154,704,59,1995
Marc Rosset,21.55%,150,696,62,1995
Cedric Pioline,21.25%,122,574,55,1995
Olivier Delaitre,20.72%,109,526,44,1995
Patrick Rafter,20.41%,139,681,57,1995
Richard Krajicek,19.95%,153,767,67,1995
Goran Ivanisevic,19.79%,154,778,70,1995
Mark Philippoussis,19.69%,100,508,44,1995
Jan Siemerink,18.93%,142,750,66,1995
Jacco Eltingh,18.82%,128,680,54,1995
Marc-Kevin Goellner,18.64%,107,574,47,1995
Daniel Vacek,17.87%,124,694,63,1995
Greg Rusedski,17.45%,130,745,61,1995
Guy Forget,17.38%,93,535,45,1995
Kenneth Carlsen,17.02%,103,605,50,1995
Michael Chang,35.28%,333,944,84,1996
Carlos Costa,34.28%,194,566,52,1996
Felix Mantilla,32.99%,291,882,75,1996
Thomas Muster,32.40%,324,"1,000",88,1996
Magnus Gustafsson,31.92%,181,567,54,1996
Alberto Berasategui,31.81%,251,789,72,1996
Andre Agassi,31.48%,187,594,52,1996
Gilbert Schaller,31.43%,160,509,44,1996
Christian Ruud,30.96%,152,491,52,1996
Albert Costa,30.67%,280,913,81,1996
Carlos Moya,30.21%,235,778,71,1996
Francisco Clavet,30.15%,224,743,65,1996
Petr Korda,30.06%,196,652,61,1996
Andrea Gaudenzi,29.56%,175,592,58,1996
Thomas Enqvist,29.50%,264,895,87,1996
Bohdan Ulihrach,29.05%,219,754,68,1996
Jiri Novak,28.95%,187,646,55,1996
Stefan Edberg,28.89%,247,855,72,1996
Marcelo Rios,28.74%,246,856,82,1996
Andrei Medvedev,28.66%,190,663,56,1996
Alex Corretja,28.48%,211,741,62,1996
Karol Kucera,28.40%,140,493,49,1996
Jonas Bjorkman,28.00%,182,650,50,1996
Vincent Spadea,27.63%,163,590,49,1996
Richey Reneberg,27.57%,201,729,62,1996
Yevgeny Kafelnikov,27.22%,325,"1,194",105,1996
Cedric Pioline,26.97%,178,660,67,1996
Jason Stoltenberg,26.84%,175,652,63,1996
Todd Woodbridge,26.37%,169,641,61,1996
Hernan Gumy,26.13%,168,643,60,1996
Byron Black,26.11%,177,678,63,1996
Todd Martin,26.04%,231,887,76,1996
Tomas Carbonell,25.99%,144,554,46,1996
Jim Courier,25.66%,146,569,45,1996
Sergi Bruguera,25.05%,121,483,47,1996
Thomas Johansson,25.00%,149,596,49,1996
Patrick Rafter,24.80%,125,504,45,1996
Renzo Furlan,24.38%,166,681,64,1996
Wayne Ferreira,24.34%,204,838,77,1996
Boris Becker,24.22%,162,669,56,1996
Bernd Karbacher,23.86%,126,528,44,1996
Javier Sanchez,23.78%,180,757,63,1996
Mark Woodforde,23.78%,161,677,57,1996
Adrian Voinea,23.76%,149,627,56,1996
Arnaud Boetsch,23.66%,150,634,59,1996
Sjeng Schalken,23.53%,152,646,53,1996
Filip Dewulf,23.39%,142,607,54,1996
Magnus Larsson,23.38%,141,603,52,1996
David Prinosil,23.19%,138,595,55,1996
Paul Haarhuis,22.99%,163,709,60,1996
MaliVai Washington,22.85%,138,604,57,1996
Tim Henman,21.83%,153,701,65,1996
Richard Krajicek,21.74%,195,897,74,1996
Pete Sampras,21.05%,212,"1,007",76,1996
Marc-Kevin Goellner,20.95%,119,568,49,1996
Marc Rosset,20.85%,157,753,67,1996
Guillaume Raoux,20.82%,107,514,44,1996
Goran Ivanisevic,20.64%,238,"1,153",103,1996
Hendrik Dreekmann,20.41%,100,490,45,1996
Javier Frana,19.93%,112,562,47,1996
Mark Philippoussis,18.98%,123,648,56,1996
Jakob Hlasek,18.98%,115,606,55,1996
Guy Forget,18.87%,117,620,48,1996
Martin Damm,18.31%,139,759,62,1996
Greg Rusedski,18.01%,136,755,68,1996
Daniel Vacek,17.63%,107,607,58,1996
Jan Siemerink,17.48%,139,795,66,1996
Kenneth Carlsen,16.46%,80,486,46,1996
Alex Corretja,33.42%,271,811,71,1997
Michael Chang,33.41%,292,874,78,1997
Felix Mantilla,32.94%,276,838,75,1997
Alberto Berasategui,31.76%,229,721,66,1997
Francisco Clavet,31.65%,245,774,65,1997
Jonas Bjorkman,31.60%,328,"1,038",97,1997
Carlos Moya,30.83%,300,973,86,1997
Karol Kucera,30.21%,197,652,64,1997
Todd Woodbridge,30.07%,178,592,51,1997
Sergi Bruguera,29.67%,270,910,77,1997
Pete Sampras,27.72%,209,754,67,1997
Albert Costa,27.67%,194,701,66,1997
Marcelo Filippini,27.61%,148,536,53,1997
Andrei Medvedev,27.46%,173,630,58,1997
Hicham Arazi,27.44%,180,656,57,1997
Magnus Gustafsson,27.38%,161,588,46,1997
Yevgeny Kafelnikov,27.28%,254,931,82,1997
Fernando Meligeni,27.24%,137,503,46,1997
Marcelo Rios,27.20%,272,"1,000",86,1997
Fabrice Santoro,26.94%,170,631,56,1997
Byron Black,26.76%,156,583,55,1997
Bohdan Ulihrach,26.71%,168,629,55,1997
Thomas Johansson,26.54%,189,712,59,1997
Hernan Gumy,26.46%,159,601,54,1997
Jeff Tarango,26.15%,182,696,60,1997
Chris Woodruff,26.15%,171,654,55,1997
Cedric Pioline,25.92%,198,764,64,1997
Javier Sanchez,25.78%,206,799,68,1997
Filip Dewulf,25.69%,140,545,46,1997
Mark Woodforde,25.64%,169,659,54,1997
Wayne Ferreira,25.33%,154,608,51,1997
Thomas Enqvist,24.96%,153,613,62,1997
Jim Courier,24.85%,162,652,56,1997
Thomas Muster,24.58%,192,781,70,1997
Gustavo Kuerten,24.42%,180,737,61,1997
Patrick Rafter,24.26%,261,"1,076",94,1997
Christian Ruud,24.04%,137,570,54,1997
Petr Korda,23.87%,222,930,79,1997
Karim Alami,23.79%,133,559,52,1997
Vincent Spadea,23.56%,127,539,46,1997
Magnus Larsson,23.53%,180,765,65,1997
Tim Henman,23.20%,197,849,72,1997
Magnus Norman,23.03%,184,799,68,1997
Dominik Hrbaty,22.67%,129,569,50,1997
Paul Haarhuis,22.33%,134,600,49,1997
Juan Albert Viloca-Puig,21.16%,113,534,46,1997
Richard Krajicek,21.09%,174,825,68,1997
Marc Rosset,20.60%,152,738,66,1997
Alex O'Brien,20.35%,128,629,50,1997
David Prinosil,20.33%,98,482,44,1997
Richard Fromberg,20.04%,110,549,44,1997
Renzo Furlan,19.90%,118,593,50,1997
Kenneth Carlsen,19.67%,121,615,54,1997
Goran Ivanisevic,19.10%,166,869,75,1997
Guillaume Raoux,18.54%,114,615,53,1997
Daniel Vacek,18.36%,94,512,45,1997
Martin Damm,17.58%,106,603,51,1997
Marc-Kevin Goellner,17.28%,118,683,58,1997
Mark Philippoussis,16.75%,136,812,69,1997
Greg Rusedski,16.68%,156,935,76,1997
Jan Siemerink,16.53%,98,593,52,1997
Alex Radulescu,15.35%,97,632,50,1997
Karol Kucera,33.51%,308,919,82,1998
Marcelo Rios,33.26%,297,893,85,1998
Andre Agassi,32.16%,302,939,86,1998
Alberto Berasategui,31.15%,209,671,56,1998
Magnus Gustafsson,30.98%,215,694,61,1998
Thomas Muster,30.63%,189,617,52,1998
Byron Black,30.40%,228,750,65,1998
Jonas Bjorkman,30.21%,216,715,65,1998
Michael Chang,30.09%,195,648,52,1998
Francisco Clavet,29.85%,251,841,68,1998
Albert Costa,29.61%,244,824,72,1998
Carlos Costa,29.33%,149,508,45,1998
Slava Dosedel,29.21%,151,517,48,1998
Petr Korda,29.06%,195,671,55,1998
Davide Sanguinetti,28.70%,196,683,63,1998
Carlos Moya,28.33%,264,932,77,1998
Todd Woodbridge,27.93%,155,555,44,1998
Felix Mantilla,27.82%,227,816,68,1998
Alex Corretja,27.76%,259,933,78,1998
Bohdan Ulihrach,27.72%,199,718,63,1998
Thomas Enqvist,27.12%,166,612,51,1998
Dominik Hrbaty,26.96%,186,690,63,1998
Andrea Gaudenzi,26.90%,177,658,59,1998
Jeff Tarango,26.83%,169,630,53,1998
Juan Antonio Marin,26.79%,146,545,47,1998
Fabrice Santoro,26.66%,185,694,57,1998
Hicham Arazi,26.61%,169,635,53,1998
Jason Stoltenberg,26.32%,184,699,59,1998
Nicolas Kiefer,26.19%,187,714,63,1998
Nicolas Lapentti,26.15%,142,543,49,1998
Yevgeny Kafelnikov,26.11%,253,969,86,1998
Andrei Medvedev,26.04%,150,576,48,1998
Tim Henman,25.95%,266,"1,025",88,1998
Tommy Haas,25.43%,177,696,67,1998
Thomas Johansson,24.95%,230,922,76,1998
Nicolas Escude,24.81%,134,540,44,1998
Vincent Spadea,24.73%,162,655,55,1998
Patrick Rafter,24.66%,236,957,81,1998
Pete Sampras,24.55%,234,953,78,1998
Andrei Pavel,24.38%,118,484,46,1998
Wayne Ferreira,24.37%,173,710,60,1998
Gianluca Pozzi,24.12%,137,568,51,1998
Cedric Pioline,24.10%,201,834,70,1998
Jan-Michael Gambill,24.00%,156,650,55,1998
Gustavo Kuerten,23.60%,181,767,66,1998
Wayne Black,23.56%,123,522,45,1998
Galo Blanco,23.55%,118,501,45,1998
Mark Woodforde,23.54%,141,599,51,1998
Filip Dewulf,23.35%,124,531,46,1998
Todd Martin,23.01%,182,791,65,1998
Ramon Delgado,21.57%,110,510,48,1998
Magnus Norman,21.54%,143,664,59,1998
Richard Krajicek,21.40%,171,799,60,1998
Sjeng Schalken,21.39%,132,617,54,1998
Richard Fromberg,21.27%,157,738,57,1998
Julian Alonso,20.79%,111,534,48,1998
Jerome Golmard,20.69%,114,551,46,1998
Mark Philippoussis,20.46%,141,689,53,1998
David Prinosil,19.96%,113,566,46,1998
Kenneth Carlsen,19.58%,113,577,48,1998
Daniel Vacek,18.59%,119,640,55,1998
Marc Rosset,18.35%,118,643,57,1998
Jan Siemerink,18.31%,145,792,66,1998
Greg Rusedski,17.83%,158,886,75,1998
Goran Ivanisevic,17.72%,162,914,72,1998
Martin Damm,17.09%,95,556,48,1998
Guillaume Raoux,16.51%,108,654,54,1998
Andre Agassi,33.83%,297,878,77,1999
Karol Kucera,32.58%,232,712,65,1999
Magnus Norman,31.68%,236,745,66,1999
Lleyton Hewitt,31.34%,220,702,64,1999
Marcelo Rios,31.16%,225,722,65,1999
Fernando Meligeni,30.21%,184,609,56,1999
Arnaud Di Pasquale,30.12%,178,591,50,1999
Fernando Vicente,29.20%,186,637,54,1999
Nicolas Kiefer,28.93%,252,871,79,1999
Felix Mantilla,28.75%,186,647,55,1999
Dominik Hrbaty,28.11%,226,804,70,1999
Karim Alami,27.98%,162,579,51,1999
Yevgeny Kafelnikov,27.93%,298,"1,067",93,1999
Stefan Koubek,27.86%,163,585,58,1999
Alberto Martin,27.81%,151,543,47,1999
Sjeng Schalken,27.76%,186,670,56,1999
Carlos Moya,27.65%,214,774,62,1999
Juan Antonio Marin,27.57%,126,457,44,1999
Rainer Schuettler,27.55%,146,530,52,1999
Vincent Spadea,27.44%,197,718,60,1999
Gustavo Kuerten,27.30%,234,857,75,1999
Jiri Novak,27.19%,180,662,54,1999
Nicolas Lapentti,27.18%,252,927,82,1999
Fabrice Santoro,26.92%,189,702,62,1999
Francisco Clavet,26.74%,196,733,59,1999
Jonas Bjorkman,26.74%,154,576,47,1999
Patrick Rafter,26.66%,169,634,54,1999
Albert Costa,26.57%,199,749,62,1999
Andrei Medvedev,26.44%,142,537,49,1999
Michael Chang,26.30%,157,597,49,1999
Jeff Tarango,26.14%,143,547,45,1999
Thomas Enqvist,26.10%,231,885,76,1999
Arnaud Clement,26.09%,149,571,47,1999
Alex Corretja,25.98%,192,739,60,1999
Sebastien Grosjean,25.75%,198,769,64,1999
Tim Henman,25.69%,234,911,73,1999
Andrei Pavel,25.68%,151,588,55,1999
Byron Black,25.67%,135,526,51,1999
Sargis Sargsian,24.21%,130,537,44,1999
Richard Krajicek,23.63%,173,732,64,1999
Hicham Arazi,23.36%,146,625,58,1999
Younes El Aynaoui,23.31%,141,605,51,1999
Mariano Zabaleta,22.92%,157,685,59,1999
Marat Safin,22.74%,189,831,71,1999
Daniel Vacek,22.73%,153,673,60,1999
David Prinosil,22.16%,113,510,45,1999
Tommy Haas,21.86%,186,851,73,1999
Thomas Johansson,21.63%,114,527,47,1999
Cedric Pioline,21.36%,182,852,75,1999
Pete Sampras,21.23%,124,584,48,1999
Andrew Ilie,21.04%,146,694,56,1999
Jan-Michael Gambill,20.99%,127,605,50,1999
Gianluca Pozzi,20.41%,109,534,44,1999
Todd Martin,20.40%,165,809,62,1999
Marc Rosset,19.87%,123,619,54,1999
Wayne Ferreira,19.35%,131,677,54,1999
Greg Rusedski,18.95%,159,839,74,1999
Jim Courier,18.91%,121,640,52,1999
Mark Philippoussis,18.80%,122,649,52,1999
Goran Ivanisevic,16.75%,103,615,48,1999
Karol Kucera,31.55%,171,542,52,2000
Lleyton Hewitt,30.71%,261,850,80,2000
Sebastien Grosjean,30.00%,249,830,70,2000
Alex Corretja,29.73%,228,767,73,2000
Franco Squillari,29.28%,200,683,58,2000
Andreas Vinciguerra,28.81%,153,531,50,2000
Gaston Gaudio,28.72%,170,592,52,2000
Michael Chang,28.66%,235,820,68,2000
Magnus Norman,28.61%,309,"1,080",92,2000
Nicolas Kiefer,28.34%,157,554,46,2000
Andre Agassi,28.30%,176,622,55,2000
Andrei Pavel,27.99%,199,711,64,2000
Yevgeny Kafelnikov,27.95%,317,"1,134",101,2000
Arnaud Clement,26.67%,200,750,63,2000
Tim Henman,26.55%,252,949,82,2000
Dominik Hrbaty,26.42%,219,829,73,2000
Albert Costa,26.29%,163,620,58,2000
Alberto Martin,26.24%,143,545,50,2000
Byron Black,26.10%,154,590,53,2000
Albert Portas,26.08%,139,533,45,2000
Jonas Bjorkman,26.02%,173,665,55,2000
Nicolas Escude,25.91%,143,552,51,2000
Mariano Puerta,25.88%,162,626,61,2000
Thomas Enqvist,25.84%,239,925,74,2000
Fernando Vicente,25.84%,185,716,56,2000
Rainer Schuettler,25.44%,144,566,52,2000
Sjeng Schalken,25.34%,189,746,65,2000
Juan Carlos Ferrero,25.21%,209,829,72,2000
Nicolas Lapentti,25.09%,200,797,72,2000
Francisco Clavet,25.04%,171,683,59,2000
Gustavo Kuerten,24.72%,243,983,85,2000
Marcelo Rios,24.65%,141,572,52,2000
Nicolas Massu,24.53%,117,477,51,2000
Hicham Arazi,24.32%,178,732,59,2000
Jiri Novak,24.28%,143,589,53,2000
Fabrice Santoro,24.27%,167,688,61,2000
Cedric Pioline,24.00%,156,650,52,2000
Gianluca Pozzi,23.88%,144,603,50,2000
Wayne Ferreira,23.66%,198,837,65,2000
Marat Safin,23.61%,289,"1,224",100,2000
Stefan Koubek,23.31%,145,622,57,2000
Tommy Haas,23.03%,143,621,58,2000
Carlos Moya,22.89%,152,664,52,2000
Jerome Golmard,22.61%,137,606,56,2000
Younes El Aynaoui,20.69%,163,788,63,2000
Thomas Johansson,20.67%,130,629,48,2000
Marc Rosset,20.44%,138,675,55,2000
Mariano Zabaleta,20.38%,108,530,47,2000
Andrew Ilie,20.34%,120,590,48,2000
Patrick Rafter,20.20%,121,599,53,2000
Jan-Michael Gambill,19.94%,145,727,60,2000
Roger Federer,19.26%,140,727,66,2000
Karim Alami,19.26%,120,623,53,2000
Ivan Ljubicic,19.15%,95,496,45,2000
Max Mirnyi,18.62%,119,639,59,2000
Pete Sampras,18.46%,137,742,55,2000
Mark Philippoussis,17.30%,146,844,65,2000
Lleyton Hewitt,33.48%,382,"1,141",98,2001
Andre Agassi,32.09%,250,779,60,2001
Juan Carlos Ferrero,31.66%,302,954,78,2001
Guillermo Canas,31.38%,257,819,66,2001
Albert Portas,30.59%,219,716,60,2001
Tim Henman,30.23%,266,880,71,2001
Sebastien Grosjean,29.59%,271,916,77,2001
Andrei Pavel,29.24%,195,667,58,2001
Marcelo Rios,28.52%,152,533,50,2001
Jiri Novak,28.49%,155,544,48,2001
Alberto Martin,28.19%,192,681,58,2001
Tommy Robredo,28.04%,196,699,57,2001
Yevgeny Kafelnikov,27.88%,336,"1,205",97,2001
Nicolas Kiefer,27.60%,175,634,58,2001
Sjeng Schalken,27.25%,215,789,65,2001
Magnus Norman,27.20%,133,489,47,2001
Arnaud Clement,27.12%,208,767,65,2001
Tommy Haas,27.05%,238,880,78,2001
Fabrice Santoro,27.03%,190,703,63,2001
Bohdan Ulihrach,27.03%,190,703,63,2001
Michel Kratochvil,26.88%,157,584,52,2001
Felix Mantilla,26.84%,142,529,46,2001
Thomas Johansson,26.70%,212,794,71,2001
Thomas Enqvist,26.57%,182,685,55,2001
Albert Costa,26.40%,151,572,48,2001
Gustavo Kuerten,26.38%,249,944,78,2001
Xavier Malisse,26.09%,179,686,61,2001
Nicolas Lapentti,26.07%,158,606,55,2001
Rainer Schuettler,25.89%,197,761,64,2001
Fernando Vicente,25.89%,152,587,49,2001
Alex Corretja,25.69%,176,685,54,2001
Nicolas Escude,25.43%,162,637,56,2001
Jerome Golmard,25.29%,130,514,48,2001
Francisco Clavet,25.18%,142,564,50,2001
Jonas Bjorkman,25.09%,135,538,49,2001
Hicham Arazi,25.00%,152,608,56,2001
Dominik Hrbaty,24.66%,180,730,61,2001
Gaston Gaudio,23.94%,136,568,50,2001
Franco Squillari,23.86%,147,616,56,2001
Patrick Rafter,23.84%,185,776,66,2001
Stefan Koubek,23.58%,116,492,46,2001
Carlos Moya,23.40%,176,752,59,2001
Roger Federer,23.32%,208,892,70,2001
Andreas Vinciguerra,23.02%,151,656,56,2001
Jan-Michael Gambill,22.64%,149,658,60,2001
Harel Levy,21.98%,102,464,45,2001
Marat Safin,21.74%,205,943,72,2001
Alex Calatrava,21.12%,121,573,47,2001
Nicolas Massu,20.94%,125,597,51,2001
Andrew Ilie,20.10%,120,597,48,2001
Younes El Aynaoui,19.88%,138,694,56,2001
Andy Roddick,19.69%,139,706,58,2001
Greg Rusedski,19.46%,145,745,62,2001
Ivan Ljubicic,18.97%,118,622,51,2001
Julien Boutter,17.88%,108,604,50,2001
Pete Sampras,17.57%,129,734,51,2001
Max Mirnyi,16.55%,115,695,58,2001
Goran Ivanisevic,13.48%,84,623,51,2001
Lleyton Hewitt,33.06%,318,962,76,2002
Andre Agassi,31.21%,245,785,65,2002
Jiri Novak,30.86%,274,888,79,2002
Alex Corretja,30.49%,200,656,58,2002
Gaston Gaudio,30.35%,214,705,61,2002
Tim Henman,30.02%,245,816,69,2002
Nicolas Massu,29.60%,148,500,48,2002
Sebastien Grosjean,29.59%,200,676,65,2002
Mikhail Youzhny,29.06%,186,640,55,2002
Rainer Schuettler,28.99%,229,790,71,2002
Arnaud Clement,28.23%,190,673,58,2002
Andrei Pavel,28.19%,219,777,70,2002
Guillermo Canas,28.10%,236,840,68,2002
Juan Ignacio Chela,28.00%,238,850,75,2002
Thomas Enqvist,27.90%,142,509,44,2002
Michel Kratochvil,27.76%,161,580,51,2002
David Nalbandian,27.44%,211,769,60,2002
Alberto Martin,26.91%,148,550,48,2002
Jarkko Nieminen,26.68%,159,596,54,2002
Tommy Robredo,26.38%,181,686,58,2002
Juan Carlos Ferrero,26.10%,237,908,73,2002
Felix Mantilla,26.10%,148,567,51,2002
Andre Sa,26.03%,139,534,46,2002
Fabrice Santoro,25.94%,172,663,53,2002
Paradorn Srichaphan,25.67%,211,822,74,2002
James Blake,25.63%,184,718,60,2002
Dominik Hrbaty,25.58%,154,602,52,2002
Xavier Malisse,25.39%,164,646,55,2002
Carlos Moya,25.26%,240,950,80,2002
Agustin Calleri,25.18%,141,560,48,2002
Roger Federer,25.17%,225,894,80,2002
Marat Safin,24.90%,244,980,82,2002
Nicolas Escude,24.87%,141,567,47,2002
Marcelo Rios,24.79%,146,589,53,2002
Nicolas Kiefer,24.76%,127,513,49,2002
Albert Costa,24.59%,179,728,57,2002
Sjeng Schalken,24.56%,196,798,66,2002
Fernando Vicente,24.48%,152,621,51,2002
Nicolas Lapentti,24.16%,193,799,61,2002
Fernando Gonzalez,23.65%,184,778,62,2002
Davide Sanguinetti,23.62%,128,542,46,2002
Yevgeny Kafelnikov,23.12%,175,757,68,2002
Tommy Haas,23.11%,193,835,66,2002
Jonas Bjorkman,22.71%,119,524,44,2002
Andy Roddick,22.68%,188,829,78,2002
Fernando Meligeni,22.60%,113,500,44,2002
Jan-Michael Gambill,22.09%,144,652,54,2002
Bohdan Ulihrach,21.97%,118,537,52,2002
Thomas Johansson,21.70%,143,659,53,2002
Mariano Zabaleta,21.48%,131,610,48,2002
Stefan Koubek,21.27%,127,597,52,2002
Younes El Aynaoui,19.72%,171,867,71,2002
Greg Rusedski,17.99%,122,678,51,2002
Pete Sampras,17.76%,111,625,44,2002
Ivan Ljubicic,17.39%,125,719,58,2002
Max Mirnyi,15.79%,96,608,54,2002
Wayne Arthurs,9.54%,62,650,49,2002
Guillermo Coria,38.83%,332,855,76,2003
Lleyton Hewitt,34.48%,191,554,47,2003
Andre Agassi,34.46%,254,737,57,2003
David Nalbandian,32.70%,257,786,62,2003
Rainer Schuettler,31.74%,365,"1,150",101,2003
David Sanchez,30.47%,170,558,49,2003
Flavio Saretta,30.47%,156,512,46,2003
Nicolas Massu,30.42%,202,664,56,2003
Juan Carlos Ferrero,30.32%,309,"1,019",88,2003
Gaston Gaudio,30.29%,226,746,66,2003
Yevgeny Kafelnikov,29.26%,189,646,55,2003
Roger Federer,29.10%,307,"1,055",95,2003
Vincent Spadea,28.88%,199,689,59,2003
Juan Ignacio Chela,28.59%,209,731,63,2003
James Blake,28.47%,197,692,58,2003
Mariano Zabaleta,28.29%,185,654,58,2003
Sjeng Schalken,28.23%,201,712,65,2003
Jiri Novak,28.14%,244,867,73,2003
Sargis Sargsian,27.96%,182,651,54,2003
Tommy Robredo,27.69%,216,780,64,2003
Mikhail Youzhny,27.66%,177,640,56,2003
Tim Henman,27.39%,152,555,48,2003
Nikolay Davydenko,27.38%,184,672,63,2003
Jarkko Nieminen,27.36%,226,826,70,2003
Agustin Calleri,27.12%,176,649,56,2003
Carlos Moya,26.93%,258,958,80,2003
Arnaud Clement,26.91%,169,628,51,2003
Felix Mantilla,26.49%,160,604,48,2003
David Ferrer,25.93%,132,509,47,2003
Olivier Rochus,25.55%,162,634,54,2003
Robby Ginepri,25.26%,145,574,49,2003
Stefan Koubek,25.10%,123,490,47,2003
Dominik Hrbaty,24.75%,149,602,52,2003
Alberto Martin,24.51%,125,510,45,2003
Fernando Gonzalez,24.09%,178,739,61,2003
Gustavo Kuerten,23.96%,172,718,62,2003
Hicham Arazi,23.81%,115,483,45,2003
Jonas Bjorkman,23.32%,132,566,51,2003
Paradorn Srichaphan,23.07%,203,880,78,2003
Radek Stepanek,22.69%,140,617,52,2003
Sebastien Grosjean,22.43%,159,709,57,2003
Wayne Ferreira,22.41%,119,531,45,2003
Nicolas Lapentti,22.33%,117,524,48,2003
Albert Costa,22.31%,135,605,44,2003
Jan-Michael Gambill,21.21%,116,547,47,2003
Andy Roddick,20.88%,233,"1,116",91,2003
Fernando Vicente,20.68%,122,590,49,2003
Mark Philippoussis,18.85%,128,679,58,2003
Ivan Ljubicic,18.67%,115,616,54,2003
Younes El Aynaoui,18.30%,159,869,66,2003
Raemon Sluiter,18.13%,101,557,45,2003
Mardy Fish,17.74%,140,789,64,2003
Martin Verkerk,17.02%,112,658,50,2003
Feliciano Lopez,16.65%,132,793,65,2003
Max Mirnyi,15.45%,123,796,68,2003
Filippo Volandri,37.46%,212,566,53,2004
Guillermo Coria,32.79%,201,613,53,2004
Juan Ignacio Chela,32.38%,238,735,61,2004
David Nalbandian,32.21%,200,621,48,2004
Gaston Gaudio,31.80%,249,783,61,2004
Lleyton Hewitt,31.57%,311,985,86,2004
Roger Federer,30.47%,270,886,80,2004
Nicolas Massu,30.33%,202,666,70,2004
Rafael Nadal,30.19%,141,467,47,2004
Jiri Novak,29.85%,203,680,63,2004
David Ferrer,29.44%,212,720,60,2004
Guillermo Canas,29.43%,224,761,62,2004
Nikolay Davydenko,26.91%,197,732,62,2004
Xavier Malisse,26.87%,147,547,49,2004
Andre Agassi,26.24%,159,606,50,2004
Tim Henman,25.96%,217,836,66,2004
Dominik Hrbaty,25.65%,196,764,68,2004
Mariano Zabaleta,25.60%,139,543,48,2004
Vincent Spadea,25.21%,207,821,69,2004
David Sanchez,24.86%,137,551,46,2004
Albert Costa,24.82%,136,548,44,2004
Taylor Dent,24.79%,150,605,57,2004
Jurgen Melzer,24.63%,148,601,54,2004
Mikhail Youzhny,24.59%,194,789,69,2004
Nicolas Kiefer,24.13%,152,630,57,2004
Stefan Koubek,24.08%,137,569,49,2004
Tommy Haas,24.07%,155,644,59,2004
Tommy Robredo,24.06%,186,773,68,2004
Carlos Moya,23.97%,204,851,78,2004
Rainer Schuettler,23.50%,165,702,59,2004
Robby Ginepri,23.36%,132,565,48,2004
Alberto Martin,23.26%,140,602,49,2004
Mario Ancic,22.79%,142,623,51,2004
Andy Roddick,22.48%,223,992,92,2004
Igor Andreev,22.14%,141,637,56,2004
Sargis Sargsian,21.94%,120,547,44,2004
Fernando Gonzalez,21.91%,140,639,63,2004
Paradorn Srichaphan,21.88%,175,800,74,2004
Fernando Verdasco,21.86%,136,622,56,2004
Robin Soderling,21.63%,151,698,59,2004
Karol Beck,21.46%,112,522,44,2004
Andrei Pavel,21.45%,148,690,58,2004
Marat Safin,21.44%,202,942,75,2004
Jonas Bjorkman,20.97%,112,534,47,2004
Radek Stepanek,20.59%,140,680,57,2004
Thomas Johansson,20.30%,121,596,50,2004
Luis Horna,19.62%,123,627,60,2004
Victor Hanescu,19.20%,96,500,44,2004
Mardy Fish,19.17%,88,459,49,2004
Cyril Saulnier,17.08%,111,650,51,2004
Martin Verkerk,16.82%,89,529,45,2004
Ivan Ljubicic,16.52%,116,702,61,2004
Feliciano Lopez,16.29%,123,755,60,2004
Joachim Johansson,14.46%,105,726,57,2004
Max Mirnyi,12.00%,69,575,53,2004
Ivo Karlovic,5.89%,36,611,44,2004
Rafael Nadal,37.54%,387,"1,031",89,2005
Guillermo Coria,36.51%,345,945,82,2005
Gaston Gaudio,34.57%,298,862,76,2005
David Nalbandian,34.55%,266,770,63,2005
David Ferrer,33.77%,281,832,72,2005
Nikolay Davydenko,33.63%,307,913,86,2005
Filippo Volandri,33.57%,192,572,56,2005
Roger Federer,30.74%,324,"1,054",85,2005
Mikhail Youzhny,29.40%,162,551,46,2005
Tommy Robredo,28.64%,240,838,68,2005
Dominik Hrbaty,28.53%,210,736,69,2005
Nicolas Kiefer,28.35%,186,656,57,2005
Christophe Rochus,28.26%,141,499,46,2005
Lleyton Hewitt,27.93%,169,605,46,2005
Andre Agassi,27.44%,166,605,50,2005
Juan Ignacio Chela,27.16%,170,626,54,2005
James Blake,26.74%,177,662,56,2005
Jiri Novak,26.65%,141,529,47,2005
Jarkko Nieminen,26.51%,176,664,55,2005
Guillermo Garcia-Lopez,26.08%,133,510,45,2005
Igor Andreev,25.97%,208,801,68,2005
Gael Monfils,25.35%,143,564,47,2005
Juan Carlos Ferrero,25.26%,221,875,73,2005
Tommy Haas,25.25%,154,610,57,2005
Vincent Spadea,25.23%,137,543,48,2005
Robby Ginepri,25.00%,177,708,60,2005
Alberto Martin,25.00%,146,584,54,2005
Sebastien Grosjean,24.40%,164,672,53,2005
Fernando Verdasco,24.34%,185,760,63,2005
Olivier Rochus,24.12%,179,742,64,2005
Taylor Dent,23.94%,153,639,54,2005
Jurgen Melzer,23.65%,145,613,52,2005
Carlos Moya,23.54%,149,633,51,2005
Paul-Henri Mathieu,23.46%,141,601,57,2005
Florian Mayer,23.11%,119,515,46,2005
Davide Sanguinetti,22.99%,146,635,50,2005
Mario Ancic,22.95%,179,780,71,2005
Radek Stepanek,22.44%,202,900,71,2005
Fernando Gonzalez,22.10%,194,878,72,2005
Karol Beck,21.96%,110,501,47,2005
Kevin Kim,21.94%,122,556,44,2005
Thomas Johansson,21.69%,187,862,73,2005
Victor Hanescu,21.42%,124,579,51,2005
Tomas Berdych,21.25%,156,734,63,2005
Mariano Puerta,21.25%,163,767,63,2005
Paradorn Srichaphan,21.12%,147,696,65,2005
Andy Roddick,20.79%,185,890,73,2005
Tomas Zib,20.28%,100,493,48,2005
Andrei Pavel,18.94%,104,549,48,2005
Ivan Ljubicic,18.85%,170,902,81,2005
Jose Acasuso,18.44%,118,640,53,2005
Max Mirnyi,16.57%,117,706,60,2005
Feliciano Lopez,16.25%,122,751,59,2005
Greg Rusedski,14.59%,89,610,50,2005
Gilles Muller,12.45%,59,474,44,2005
Nikolay Davydenko,35.41%,387,"1,093",98,2006
Lleyton Hewitt,33.23%,212,638,48,2006
David Ferrer,32.62%,259,794,67,2006
Andy Murray,32.54%,247,759,65,2006
Roger Federer,31.60%,376,"1,190",97,2006
David Nalbandian,31.04%,235,757,63,2006
Gaston Gaudio,30.74%,186,605,48,2006
Olivier Rochus,30.46%,198,650,53,2006
Filippo Volandri,30.23%,182,602,61,2006
James Blake,29.71%,290,976,84,2006
Sebastien Grosjean,29.63%,184,621,48,2006
Rafael Nadal,29.04%,255,878,71,2006
Tommy Robredo,28.37%,265,934,78,2006
Florian Mayer,27.83%,140,503,47,2006
Ruben Ramirez Hidalgo,27.26%,142,521,45,2006
Vincent Spadea,27.15%,142,523,45,2006
Jarkko Nieminen,26.86%,253,942,82,2006
Xavier Malisse,26.58%,181,681,55,2006
Dominik Hrbaty,26.56%,191,719,60,2006
Novak Djokovic,26.50%,168,634,58,2006
Gilles Simon,26.43%,148,560,48,2006
Jose Acasuso,25.96%,156,601,54,2006
Mikhail Youzhny,25.87%,141,545,46,2006
Richard Gasquet,25.71%,153,595,55,2006
Tim Henman,25.34%,151,596,51,2006
Marcos Baghdatis,25.10%,180,717,57,2006
Juan Ignacio Chela,25.00%,156,624,56,2006
Jurgen Melzer,24.86%,172,692,59,2006
Paul-Henri Mathieu,24.83%,149,600,51,2006
Tomas Berdych,24.82%,204,822,72,2006
Agustin Calleri,24.69%,138,559,51,2006
Juan Carlos Ferrero,24.59%,163,663,51,2006
Florent Serra,24.42%,147,602,49,2006
Arnaud Clement,24.16%,129,534,49,2006
Tommy Haas,24.08%,197,818,70,2006
Dmitry Tursunov,23.68%,224,946,76,2006
Julien Benneteau,23.62%,137,580,46,2006
Fernando Gonzalez,23.56%,209,887,71,2006
Radek Stepanek,23.35%,138,591,45,2006
Fernando Verdasco,23.34%,176,754,58,2006
Mario Ancic,23.17%,206,889,73,2006
Robin Soderling,22.82%,144,631,58,2006
Stan Wawrinka,22.77%,161,707,57,2006
Robby Ginepri,22.54%,142,630,50,2006
Nicolas Massu,22.50%,169,751,65,2006
Andreas Seppi,22.46%,126,561,50,2006
Andy Roddick,22.31%,172,771,69,2006
Kristof Vliegen,22.17%,143,645,55,2006
Philipp Kohlschreiber,22.16%,115,519,44,2006
Nicolas Almagro,22.06%,118,535,47,2006
Ivan Ljubicic,21.77%,214,983,81,2006
Marat Safin,21.08%,152,721,60,2006
Carlos Moya,19.82%,129,651,51,2006
Feliciano Lopez,16.64%,104,625,48,2006
Max Mirnyi,16.00%,96,600,47,2006
Paradorn Srichaphan,14.98%,111,741,62,2006
David Ferrer,36.09%,336,931,84,2007
Rafael Nadal,33.00%,327,991,85,2007
Andy Murray,31.79%,192,604,57,2007
Nikolay Davydenko,31.15%,323,"1,037",84,2007
Filippo Volandri,31.15%,157,504,45,2007
Juan Monaco,30.66%,226,737,60,2007
Tommy Robredo,29.11%,262,900,75,2007
Gilles Simon,28.80%,201,698,61,2007
Roger Federer,28.62%,269,940,77,2007
Richard Gasquet,28.37%,221,779,73,2007
Guillermo Canas,28.24%,194,687,60,2007
Novak Djokovic,28.15%,297,"1,055",87,2007
Mikhail Youzhny,27.31%,222,813,74,2007
Juan Ignacio Chela,27.15%,218,803,65,2007
Lleyton Hewitt,27.15%,167,615,51,2007
Jarkko Nieminen,27.14%,190,700,60,2007
Paul-Henri Mathieu,26.48%,210,793,70,2007
David Nalbandian,26.29%,168,639,49,2007
Marcos Baghdatis,26.07%,213,817,70,2007
Juan Martin del Potro,25.62%,144,562,53,2007
Juan Carlos Ferrero,25.50%,179,702,57,2007
James Blake,25.03%,219,875,78,2007
Tommy Haas,24.96%,161,645,56,2007
Nicolas Almagro,24.47%,172,703,61,2007
Fernando Verdasco,24.23%,180,743,62,2007
Andreas Seppi,24.09%,126,523,46,2007
Tomas Berdych,23.91%,181,757,70,2007
Carlos Moya,23.85%,192,805,65,2007
Vincent Spadea,23.64%,143,605,52,2007
Agustin Calleri,23.21%,146,629,49,2007
Julien Benneteau,23.00%,135,587,50,2007
Igor Andreev,22.88%,159,695,63,2007
Stan Wawrinka,22.86%,128,560,45,2007
Stefan Koubek,22.65%,130,574,50,2007
Philipp Kohlschreiber,22.61%,154,681,60,2007
Fernando Gonzalez,22.46%,170,757,61,2007
Jurgen Melzer,22.45%,119,530,48,2007
Radek Stepanek,22.39%,131,585,49,2007
Potito Starace,21.64%,132,610,51,2007
Olivier Rochus,20.91%,101,483,45,2007
Hyung-Taik Lee,20.48%,112,547,48,2007
Evgeny Korolev,20.39%,105,515,44,2007
Albert Montanes,20.30%,109,537,48,2007
Dmitry Tursunov,19.75%,125,633,51,2007
Mardy Fish,19.20%,110,573,47,2007
Marc Gicquel,18.33%,101,551,46,2007
Arnaud Clement,18.29%,109,596,50,2007
Andy Roddick,17.80%,136,764,70,2007
Ivan Ljubicic,15.87%,137,863,67,2007
Thomas Johansson,15.73%,90,572,51,2007
Feliciano Lopez,14.52%,97,668,52,2007
Benjamin Becker,12.73%,77,605,53,2007
Ivo Karlovic,9.84%,85,864,64,2007
Rafael Nadal,33.49%,350,"1,045",93,2008
Nikolay Davydenko,32.38%,273,843,77,2008
Juan Martin del Potro,32.00%,208,650,62,2008
Juan Monaco,30.00%,159,530,48,2008
Novak Djokovic,29.91%,280,936,81,2008
Fernando Verdasco,29.45%,258,876,74,2008
Andy Murray,29.25%,258,882,74,2008
David Ferrer,28.94%,222,767,67,2008
David Nalbandian,28.57%,178,623,60,2008
Stan Wawrinka,27.35%,192,702,59,2008
Roger Federer,26.99%,271,"1,004",81,2008
Andreas Seppi,25.81%,192,744,60,2008
James Blake,25.65%,217,846,71,2008
Jose Acasuso,25.49%,143,561,53,2008
Robby Ginepri,25.45%,141,554,45,2008
Gael Monfils,25.27%,142,562,47,2008
Tommy Robredo,25.07%,176,702,60,2008
Nicolas Almagro,25.00%,149,596,52,2008
Gilles Simon,24.97%,239,957,78,2008
Mikhail Youzhny,24.92%,148,594,50,2008
Philipp Kohlschreiber,24.63%,148,601,53,2008
Robin Soderling,24.55%,179,729,66,2008
Guillermo Canas,24.47%,128,523,44,2008
Tomas Berdych,24.24%,152,627,57,2008
Jarkko Nieminen,24.21%,154,636,54,2008
Richard Gasquet,24.10%,154,639,54,2008
Agustin Calleri,22.57%,114,505,44,2008
Mardy Fish,22.52%,150,666,55,2008
Marin Cilic,22.11%,170,769,62,2008
Radek Stepanek,21.86%,155,709,56,2008
Rainer Schuettler,21.73%,123,566,44,2008
Florent Serra,21.70%,115,530,44,2008
Fernando Gonzalez,21.48%,148,689,54,2008
Potito Starace,21.43%,105,490,44,2008
Marc Gicquel,21.01%,117,557,45,2008
Albert Montanes,20.99%,115,548,47,2008
Jo-Wilfried Tsonga,20.78%,128,616,48,2008
Marat Safin,20.48%,127,620,48,2008
Mario Ancic,20.28%,114,562,48,2008
Jurgen Melzer,20.09%,141,702,56,2008
Steve Darcis,19.96%,89,446,44,2008
Andy Roddick,19.84%,149,751,67,2008
Ernests Gulbis,19.47%,111,570,46,2008
Sam Querrey,19.39%,128,660,54,2008
Paul-Henri Mathieu,19.17%,138,720,60,2008
Dmitry Tursunov,18.99%,128,674,56,2008
Janko Tipsarevic,18.56%,113,609,47,2008
Igor Andreev,18.31%,165,901,75,2008
Carlos Moya,18.11%,119,657,51,2008
Victor Hanescu,17.42%,96,551,46,2008
Simone Bolelli,15.16%,104,686,59,2008
Michael Llodra,13.08%,71,543,44,2008
Feliciano Lopez,12.82%,84,655,53,2008
Ivo Karlovic,11.57%,82,709,57,2008
Rafael Nadal,33.56%,295,879,80,2009
Andy Murray,33.30%,295,886,77,2009
David Ferrer,31.54%,240,761,68,2009
Juan Monaco,31.26%,201,643,62,2009
Novak Djokovic,31.17%,346,"1,110",97,2009
Nikolay Davydenko,31.04%,266,857,74,2009
Lleyton Hewitt,28.23%,190,673,54,2009
Fernando Verdasco,27.77%,263,947,77,2009
Juan Martin del Potro,27.26%,238,873,70,2009
Marin Cilic,26.87%,219,815,69,2009
Guillermo Garcia-Lopez,26.78%,169,631,55,2009
Mikhail Youzhny,25.75%,206,800,70,2009
Juan Carlos Ferrero,25.54%,167,654,55,2009
Robin Soderling,25.48%,212,832,70,2009
Tommy Robredo,25.30%,213,842,71,2009
Viktor Troicki,25.27%,162,641,61,2009
Gilles Simon,25.08%,222,885,74,2009
Stan Wawrinka,25.08%,152,606,51,2009
Fabio Fognini,24.90%,127,510,46,2009
Gael Monfils,24.86%,181,728,61,2009
Radek Stepanek,24.81%,195,786,68,2009
Roger Federer,24.49%,240,980,73,2009
Andreas Seppi,24.28%,160,659,55,2009
Albert Montanes,24.07%,129,536,45,2009
Philipp Kohlschreiber,24.01%,187,779,65,2009
Janko Tipsarevic,23.65%,144,609,55,2009
Rainer Schuettler,22.94%,120,523,45,2009
Tomas Berdych,22.02%,161,731,62,2009
Julien Benneteau,21.68%,147,678,54,2009
Fernando Gonzalez,21.57%,159,737,55,2009
Tommy Haas,21.49%,141,656,48,2009
Jurgen Melzer,21.42%,154,719,65,2009
Igor Kunitsyn,21.17%,119,562,47,2009
Nicolas Almagro,20.99%,149,710,54,2009
Marc Gicquel,20.88%,114,546,46,2009
Florent Serra,20.83%,131,629,53,2009
Victor Hanescu,20.65%,140,678,60,2009
Igor Andreev,19.64%,142,723,60,2009
Paul-Henri Mathieu,19.61%,131,668,57,2009
Andy Roddick,19.26%,156,810,63,2009
Sam Querrey,19.25%,149,774,64,2009
Jeremy Chardy,19.25%,143,743,63,2009
Jo-Wilfried Tsonga,19.22%,168,874,73,2009
James Blake,19.17%,102,532,45,2009
Andreas Beck,19.06%,101,530,44,2009
Ernests Gulbis,18.20%,97,533,46,2009
Ivan Ljubicic,16.30%,111,681,55,2009
John Isner,10.80%,65,602,45,2009
Ivo Karlovic,10.34%,60,580,46,2009
Juan Ignacio Chela,32.22%,193,599,52,2010
Novak Djokovic,32.20%,284,882,79,2010
Juan Carlos Ferrero,32.04%,173,540,47,2010
David Ferrer,31.18%,295,946,84,2010
Andy Murray,30.22%,233,771,64,2010
Rafael Nadal,29.34%,294,"1,002",81,2010
Nikolay Davydenko,28.57%,160,560,49,2010
Juan Monaco,27.88%,162,581,50,2010
Mikhail Youzhny,27.37%,211,771,62,2010
Roger Federer,27.23%,259,951,78,2010
Fernando Verdasco,27.12%,224,826,65,2010
Viktor Troicki,26.58%,193,726,67,2010
Robin Soderling,25.14%,232,923,79,2010
Philipp Kohlschreiber,24.76%,178,719,61,2010
Stan Wawrinka,24.76%,155,626,55,2010
Albert Montanes,24.52%,180,734,61,2010
Tomas Berdych,24.15%,207,857,71,2010
Thomaz Bellucci,23.98%,171,713,59,2010
Jurgen Melzer,23.95%,222,927,76,2010
Marcos Baghdatis,23.87%,195,817,70,2010
Marin Cilic,23.75%,181,762,62,2010
Potito Starace,23.71%,129,544,51,2010
Mardy Fish,23.24%,149,641,54,2010
Richard Gasquet,23.10%,164,710,60,2010
Guillermo Garcia-Lopez,23.10%,152,658,54,2010
Julien Benneteau,23.05%,130,564,45,2010
Gael Monfils,22.93%,183,798,66,2010
Andreas Seppi,22.77%,143,628,52,2010
Jarkko Nieminen,22.32%,148,663,57,2010
Denis Istomin,21.23%,152,716,61,2010
Andrey Golubev,20.99%,93,443,45,2010
Jo-Wilfried Tsonga,20.97%,125,596,47,2010
Florent Serra,20.83%,121,581,46,2010
Nicolas Almagro,20.78%,187,900,70,2010
Benjamin Becker,20.27%,133,656,60,2010
Janko Tipsarevic,20.27%,105,518,48,2010
Sam Querrey,20.00%,160,800,63,2010
Xavier Malisse,19.86%,111,559,45,2010
Sergiy Stakhovsky,19.34%,111,574,52,2010
Michael Llodra,19.33%,104,538,51,2010
Jeremy Chardy,19.30%,121,627,55,2010
Ivan Ljubicic,19.20%,106,552,45,2010
Thiemo de Bakker,19.11%,120,628,52,2010
Ernests Gulbis,19.08%,104,545,51,2010
Alexandr Dolgopolov,19.04%,107,562,44,2010
Santiago Giraldo,18.53%,91,491,44,2010
Victor Hanescu,17.83%,107,600,50,2010
Andy Roddick,17.65%,150,850,66,2010
Michael Berrer,16.55%,95,574,48,2010
Feliciano Lopez,16.10%,95,590,50,2010
Horacio Zeballos,14.62%,75,513,44,2010
John Isner,11.42%,103,902,62,2010
Novak Djokovic,38.84%,334,860,75,2011
Andy Murray,36.09%,292,809,65,2011
Rafael Nadal,34.49%,328,951,78,2011
David Ferrer,32.73%,287,877,74,2011
Juan Ignacio Chela,31.58%,204,646,52,2011
Juan Monaco,29.17%,182,624,52,2011
Fabio Fognini,29.04%,176,606,49,2011
Nikolay Davydenko,28.67%,162,565,50,2011
Gilles Simon,28.29%,228,806,63,2011
Janko Tipsarevic,28.07%,233,830,74,2011
Roger Federer,28.05%,246,877,73,2011
Tomas Berdych,27.99%,227,811,73,2011
Viktor Troicki,27.80%,196,705,61,2011
Florian Mayer,27.71%,212,765,69,2011
Pablo Andujar,27.69%,157,567,53,2011
Robin Soderling,27.45%,154,561,46,2011
Robin Haase,26.18%,166,634,49,2011
Richard Gasquet,26.02%,153,588,51,2011
Juan Martin del Potro,25.78%,181,702,61,2011
Albert Montanes,25.57%,146,571,47,2011
Marcel Granollers,25.43%,147,578,52,2011
Xavier Malisse,25.39%,146,575,48,2011
Mardy Fish,25.06%,198,790,66,2011
Gael Monfils,24.96%,174,697,53,2011
Stan Wawrinka,24.78%,172,694,52,2011
Kei Nishikori,24.72%,156,631,54,2011
Radek Stepanek,24.55%,150,611,54,2011
Santiago Giraldo,24.43%,162,663,55,2011
Alexandr Dolgopolov,24.39%,199,816,67,2011
Mikhail Youzhny,24.29%,153,630,49,2011
Alex Bogomolov Jr.,24.14%,140,580,48,2011
Marin Cilic,23.78%,175,736,62,2011
Fernando Verdasco,23.51%,170,723,58,2011
Guillermo Garcia-Lopez,23.26%,144,619,49,2011
Andreas Seppi,22.76%,137,602,49,2011
Thomaz Bellucci,22.76%,142,624,47,2011
Nicolas Almagro,22.49%,195,867,70,2011
Jarkko Nieminen,22.16%,125,564,45,2011
Marcos Baghdatis,21.91%,147,671,53,2011
Andy Roddick,21.52%,122,567,47,2011
Jo-Wilfried Tsonga,21.26%,210,988,77,2011
Philipp Petzschner,20.77%,113,544,44,2011
Sergiy Stakhovsky,20.71%,117,565,48,2011
Ivan Ljubicic,20.44%,112,548,44,2011
Philipp Kohlschreiber,20.40%,131,642,54,2011
Kevin Anderson,20.15%,163,809,66,2011
Potito Starace,19.96%,112,561,48,2011
Ivan Dodig,19.41%,112,577,49,2011
Milos Raonic,15.87%,96,605,47,2011
Feliciano Lopez,14.96%,117,782,60,2011
John Isner,12.87%,99,769,55,2011
Rafael Nadal,37.70%,213,565,48,2012
Novak Djokovic,34.56%,357,"1,033",87,2012
Juan Monaco,31.30%,210,671,55,2012
David Ferrer,31.26%,306,979,85,2012
Kei Nishikori,30.99%,194,626,52,2012
Andy Murray,30.70%,287,935,72,2012
Carlos Berlocq,28.92%,179,619,55,2012
Gilles Simon,28.91%,233,806,66,2012
Richard Gasquet,27.06%,204,754,64,2012
Nikolay Davydenko,26.79%,150,560,47,2012
Marin Cilic,26.78%,181,676,56,2012
Pablo Andujar,26.15%,154,589,48,2012
Benoit Paire,26.01%,168,646,52,2012
Mikhail Youzhny,25.89%,168,649,54,2012
Roger Federer,25.88%,264,"1,020",80,2012
Fabio Fognini,25.75%,145,563,45,2012
Tomas Berdych,25.37%,237,934,77,2012
Stan Wawrinka,25.14%,179,712,53,2012
Andreas Seppi,25.13%,188,748,61,2012
Juan Martin del Potro,25.00%,246,984,79,2012
Viktor Troicki,24.66%,164,665,52,2012
Tommy Haas,24.46%,136,556,47,2012
Fernando Verdasco,24.02%,154,641,54,2012
Albert Ramos-Vinolas,24.01%,151,629,55,2012
Julien Benneteau,23.66%,155,655,49,2012
Jarkko Nieminen,23.46%,133,567,51,2012
Janko Tipsarevic,23.26%,231,993,81,2012
Alexandr Dolgopolov,23.21%,172,741,59,2012
Lukasz Kubot,23.13%,130,562,48,2012
Guillermo Garcia-Lopez,23.01%,127,552,45,2012
Marcel Granollers,22.97%,130,566,45,2012
Marcos Baghdatis,22.85%,157,687,58,2012
Jo-Wilfried Tsonga,22.72%,219,964,76,2012
Thomaz Bellucci,22.60%,125,553,45,2012
Nicolas Almagro,22.42%,217,968,75,2012
Radek Stepanek,22.26%,122,548,45,2012
Philipp Kohlschreiber,21.81%,186,853,66,2012
Florian Mayer,21.32%,110,516,45,2012
Jeremy Chardy,20.97%,112,534,44,2012
Xavier Malisse,19.96%,106,531,45,2012
Bernard Tomic,19.27%,111,576,48,2012
Denis Istomin,18.98%,137,722,57,2012
Ryan Harrison,18.15%,98,540,44,2012
Sam Querrey,18.14%,142,783,61,2012
Kevin Anderson,15.75%,112,711,56,2012
Feliciano Lopez,15.44%,103,667,53,2012
Milos Raonic,15.13%,123,813,62,2012
John Isner,10.79%,92,853,60,2012
Rafael Nadal,33.84%,310,916,81,2013
Novak Djokovic,33.23%,319,960,76,2013
David Ferrer,33.01%,340,"1,030",84,2013
Andy Murray,31.02%,197,635,49,2013
Fabio Fognini,30.74%,237,771,67,2013
Kei Nishikori,30.02%,181,603,53,2013
Nikolay Davydenko,27.79%,137,493,44,2013
Gilles Simon,27.39%,195,712,58,2013
Tommy Robredo,26.70%,188,704,56,2013
Roger Federer,25.93%,203,783,62,2013
Richard Gasquet,25.47%,231,907,71,2013
Gael Monfils,25.29%,175,692,55,2013
Roberto Bautista Agut,25.22%,143,567,48,2013
Ernests Gulbis,25.21%,152,603,50,2013
Carlos Berlocq,25.13%,141,561,49,2013
Tomas Berdych,25.08%,227,905,74,2013
Mikhail Youzhny,24.85%,201,809,63,2013
Nicolas Almagro,24.75%,195,788,65,2013
Benoit Paire,24.27%,182,750,62,2013
Jarkko Nieminen,24.12%,171,709,57,2013
Julien Benneteau,23.77%,154,648,52,2013
Tommy Haas,23.74%,198,834,68,2013
Marcel Granollers,23.64%,143,605,50,2013
Juan Martin del Potro,23.52%,203,863,67,2013
Stan Wawrinka,23.33%,210,900,71,2013
Andreas Seppi,23.27%,172,739,55,2013
Ivan Dodig,23.14%,162,700,56,2013
Florian Mayer,22.76%,140,615,52,2013
Pablo Andujar,22.16%,125,564,49,2013
Dmitry Tursunov,21.69%,128,590,50,2013
Grigor Dimitrov,21.56%,144,668,58,2013
Fernando Verdasco,21.43%,147,686,50,2013
Edouard Roger-Vasselin,21.38%,130,608,49,2013
Alexandr Dolgopolov,21.19%,114,538,46,2013
Jurgen Melzer,21.00%,126,600,48,2013
Jo-Wilfried Tsonga,20.76%,136,655,52,2013
Robin Haase,20.38%,141,692,54,2013
Lukas Rosol,19.49%,106,544,46,2013
Philipp Kohlschreiber,18.65%,130,697,55,2013
Denis Istomin,18.39%,135,734,59,2013
Kevin Anderson,17.96%,139,774,60,2013
Jeremy Chardy,17.82%,111,623,47,2013
Feliciano Lopez,17.14%,108,630,49,2013
Sam Querrey,16.07%,95,591,45,2013
Milos Raonic,15.69%,120,765,60,2013
Daniel Brands,14.39%,80,556,46,2013
John Isner,12.17%,101,830,60,2013
Rafael Nadal,34.97%,249,712,59,2014
Novak Djokovic,33.29%,287,862,69,2014
David Ferrer,32.84%,309,941,78,2014
Andy Murray,31.86%,303,951,75,2014
Pablo Andujar,28.95%,141,487,44,2014
Kei Nishikori,27.55%,232,842,66,2014
Fabio Fognini,27.30%,199,729,60,2014
Gael Monfils,27.09%,162,598,47,2014
Roberto Bautista Agut,26.22%,209,797,64,2014
Roger Federer,26.05%,260,998,78,2014
Guillermo Garcia-Lopez,25.94%,173,667,51,2014
Gilles Simon,25.78%,173,671,52,2014
Tomas Berdych,25.31%,227,897,74,2014
Philipp Kohlschreiber,23.19%,173,746,61,2014
Santiago Giraldo,23.02%,145,630,55,2014
Alexandr Dolgopolov,22.61%,135,597,48,2014
Marcel Granollers,22.53%,137,608,47,2014
Marin Cilic,22.42%,200,892,72,2014
Stan Wawrinka,22.35%,152,680,51,2014
Grigor Dimitrov,22.20%,190,856,67,2014
Dominic Thiem,22.16%,125,564,44,2014
Fernando Verdasco,21.79%,139,638,46,2014
Andreas Seppi,21.51%,137,637,50,2014
Ernests Gulbis,21.29%,159,747,62,2014
Julien Benneteau,21.15%,125,591,47,2014
Richard Gasquet,20.75%,116,559,47,2014
Yen-Hsun Lu,20.67%,105,508,45,2014
Tommy Robredo,20.55%,187,910,69,2014
Jarkko Nieminen,20.44%,120,587,49,2014
Benjamin Becker,20.10%,125,622,53,2014
Marinko Matosevic,19.89%,108,543,44,2014
Joao Sousa,19.44%,131,674,57,2014
Leonardo Mayer,19.30%,115,596,46,2014
Denis Istomin,19.03%,122,641,51,2014
Jeremy Chardy,18.80%,147,782,60,2014
Jack Sock,18.72%,102,545,47,2014
Jo-Wilfried Tsonga,18.15%,120,661,50,2014
Federico Delbonis,18.07%,101,559,47,2014
Jerzy Janowicz,18.02%,113,627,46,2014
Edouard Roger-Vasselin,17.98%,112,623,49,2014
Kevin Anderson,17.57%,142,808,62,2014
Lukas Rosol,17.20%,107,622,53,2014
Sam Querrey,16.39%,98,598,45,2014
Milos Raonic,16.29%,144,884,67,2014
Feliciano Lopez,14.69%,119,810,64,2014
John Isner,9.28%,72,776,57,2014
Ivo Karlovic,8.78%,71,809,64,2014
Novak Djokovic,34.44%,364,"1,057",87,2015
David Ferrer,33.62%,274,815,69,2015
Andy Murray,31.06%,300,966,77,2015
Rafael Nadal,30.97%,297,959,80,2015
Gilles Simon,30.54%,244,799,63,2015
David Goffin,27.59%,192,696,57,2015
Fabio Fognini,27.37%,179,654,55,2015
Roger Federer,27.31%,239,875,72,2015
Kei Nishikori,26.64%,215,807,66,2015
Guillermo Garcia-Lopez,26.32%,185,703,56,2015
Tomas Berdych,25.68%,236,919,79,2015
Philipp Kohlschreiber,25.04%,156,623,51,2015
Andreas Seppi,23.62%,145,614,49,2015
Marcos Baghdatis,23.25%,133,572,45,2015
Roberto Bautista Agut,23.23%,190,818,70,2015
Adrian Mannarino,23.10%,158,684,57,2015
Richard Gasquet,22.46%,168,748,60,2015
Jack Sock,22.37%,138,617,51,2015
Gael Monfils,22.32%,146,654,51,2015
Alexandr Dolgopolov,22.29%,142,637,51,2015
Pablo Cuevas,21.89%,146,667,53,2015
Joao Sousa,21.82%,170,779,64,2015
Santiago Giraldo,21.64%,111,513,46,2015
Thomaz Bellucci,21.45%,148,690,56,2015
Stan Wawrinka,21.40%,205,958,72,2015
Viktor Troicki,20.99%,166,791,60,2015
Grigor Dimitrov,20.96%,144,687,54,2015
Jo-Wilfried Tsonga,20.43%,133,651,47,2015
Dominic Thiem,20.16%,154,764,62,2015
Bernard Tomic,20.12%,165,820,63,2015
Jiri Vesely,19.58%,121,618,51,2015
Sergiy Stakhovsky,19.28%,112,581,45,2015
Jeremy Chardy,19.15%,135,705,54,2015
Borna Coric,19.14%,120,627,51,2015
Martin Klizan,19.00%,118,621,51,2015
Marin Cilic,18.50%,136,735,54,2015
Fernando Verdasco,18.20%,125,687,50,2015
Andreas Haider-Maurer,18.01%,96,533,45,2015
Simone Bolelli,17.83%,110,617,52,2015
Steve Johnson,17.68%,140,792,63,2015
Lukas Rosol,17.47%,105,601,47,2015
Leonardo Mayer,16.55%,97,586,47,2015
Feliciano Lopez,16.29%,131,804,58,2015
Kevin Anderson,15.67%,146,932,70,2015
Sam Querrey,14.55%,80,550,44,2015
Gilles Muller,14.47%,103,712,55,2015
Vasek Pospisil,14.45%,87,602,46,2015
Milos Raonic,12.24%,77,629,47,2015
John Isner,10.79%,96,890,68,2015
Ivo Karlovic,9.60%,87,906,63,2015
Rafael Nadal,40.75%,216,530,53,2016
Andy Murray,36.75%,359,977,83,2016
Novak Djokovic,34.47%,282,818,72,2016
Fabio Fognini,31.10%,167,537,47,2016
David Goffin,31.04%,275,886,71,2016
Gael Monfils,30.45%,201,660,60,2016
Kei Nishikori,30.16%,266,882,77,2016
Richard Gasquet,29.22%,168,575,50,2016
David Ferrer,29.11%,193,663,56,2016
Gilles Simon,28.67%,203,708,58,2016
Roberto Bautista Agut,28.02%,232,828,69,2016
Pablo Carreno Busta,26.95%,207,768,66,2016
Paolo Lorenzi,25.41%,141,555,49,2016
Benoit Paire,24.78%,168,678,55,2016
Albert Ramos-Vinolas,24.72%,200,809,65,2016
Alexander Zverev,24.71%,214,866,66,2016
Adrian Mannarino,24.00%,156,650,54,2016
Philipp Kohlschreiber,23.89%,135,565,51,2016
Dominic Thiem,23.81%,235,987,80,2016
Andrey Kuznetsov,23.43%,131,559,47,2016
Stan Wawrinka,23.42%,196,837,64,2016
Fernando Verdasco,23.22%,153,659,55,2016
Marin Cilic,23.05%,177,768,65,2016
Joao Sousa,22.88%,162,708,58,2016
Federico Delbonis,22.70%,138,608,47,2016
Marcos Baghdatis,22.47%,133,592,49,2016
Marcel Granollers,22.32%,121,542,46,2016
Tomas Berdych,21.87%,159,727,57,2016
Grigor Dimitrov,21.73%,183,842,65,2016
Viktor Troicki,21.05%,160,760,61,2016
Jo-Wilfried Tsonga,20.79%,131,630,51,2016
Pablo Cuevas,20.56%,147,715,57,2016
Jack Sock,20.48%,144,703,55,2016
Nicolas Almagro,19.93%,118,592,44,2016
Lucas Pouille,19.84%,145,731,53,2016
Nick Kyrgios,19.70%,130,660,53,2016
Guillermo Garcia-Lopez,19.28%,124,643,53,2016
Milos Raonic,18.37%,164,893,69,2016
Bernard Tomic,18.33%,121,660,51,2016
Steve Johnson,17.72%,118,666,58,2016
Feliciano Lopez,17.07%,120,703,53,2016
Sam Querrey,16.10%,108,671,51,2016
Gilles Muller,14.89%,105,705,59,2016
John Isner,10.72%,80,746,50,2016
Ivo Karlovic,7.43%,55,740,54,2016
Diego Schwartzman,34.76%,276,794,65,2017
Rafael Nadal,32.71%,297,908,78,2017
Roberto Bautista Agut,30.43%,248,815,67,2017
Damir Dzumhur,30.43%,220,723,57,2017
Hyeon Chung,27.95%,147,526,44,2017
Pablo Carreno Busta,27.20%,201,739,59,2017
David Goffin,26.72%,253,947,77,2017
Roger Federer,26.72%,198,741,57,2017
Fabio Fognini,26.01%,187,719,58,2017
Adrian Mannarino,25.99%,190,731,60,2017
Richard Gasquet,25.96%,149,574,46,2017
David Ferrer,25.38%,150,591,45,2017
Dominic Thiem,25.16%,234,930,74,2017
Fernando Verdasco,25.15%,170,676,54,2017
Benoit Paire,23.99%,173,721,62,2017
Grigor Dimitrov,23.73%,201,847,68,2017
Marin Cilic,23.59%,193,818,64,2017
Jo-Wilfried Tsonga,23.33%,147,630,49,2017
Alexander Zverev,23.18%,216,932,75,2017
Albert Ramos-Vinolas,23.08%,198,858,63,2017
Philipp Kohlschreiber,22.96%,141,614,50,2017
Nikoloz Basilashvili,22.76%,127,558,48,2017
Kyle Edmund,21.99%,157,714,56,2017
Robin Haase,21.82%,144,660,54,2017
Sam Querrey,21.48%,154,717,55,2017
Lucas Pouille,21.47%,149,694,54,2017
Jared Donaldson,21.17%,123,581,46,2017
Juan Martin del Potro,21.02%,144,685,54,2017
Jiri Vesely,20.98%,116,553,46,2017
Joao Sousa,20.75%,132,636,52,2017
Daniil Medvedev,19.80%,119,601,49,2017
Tomas Berdych,19.79%,129,652,53,2017
Jack Sock,19.65%,146,743,57,2017
Alexandr Dolgopolov,19.61%,110,561,49,2017
Karen Khachanov,19.25%,134,696,54,2017
Donald Young,18.86%,106,562,46,2017
Viktor Troicki,18.46%,110,596,50,2017
Paolo Lorenzi,18.21%,134,736,56,2017
Mischa Zverev,18.01%,143,794,61,2017
Borna Coric,17.83%,112,628,50,2017
Steve Johnson,17.52%,113,645,51,2017
Jan-Lennard Struff,17.36%,112,645,55,2017
Feliciano Lopez,16.90%,108,639,48,2017
Kevin Anderson,16.02%,112,699,53,2017
Gilles Muller,14.03%,93,663,50,2017
John Isner,9.36%,74,791,57,2017
Rafael Nadal,36.55%,216,591,47,2018
Diego Schwartzman,30.67%,207,675,55,2018
Novak Djokovic,30.26%,246,813,65,2018
Fabio Fognini,29.43%,236,802,64,2018
Gilles Simon,28.40%,190,669,56,2018
Hyeon Chung,28.24%,157,556,47,2018
Alexander Zverev,27.60%,252,913,73,2018
Richard Gasquet,27.01%,168,622,56,2018
Marton Fucsovics,26.83%,154,574,47,2018
Damir Dzumhur,26.22%,167,637,54,2018
Pablo Carreno Busta,26.17%,168,642,52,2018
Borna Coric,26.14%,166,635,54,2018
Roberto Bautista Agut,26.04%,157,603,51,2018
Juan Martin del Potro,25.20%,192,762,60,2018
Fernando Verdasco,24.81%,193,778,61,2018
Kei Nishikori,24.46%,191,781,64,2018
Dominic Thiem,24.44%,217,888,70,2018
Benoit Paire,23.95%,165,689,54,2018
Roger Federer,23.89%,178,745,58,2018
Alex de Minaur,23.83%,143,600,48,2018
Daniil Medvedev,23.14%,177,765,64,2018
Gael Monfils,23.07%,149,646,49,2018
Karen Khachanov,23.00%,193,839,66,2018
Dusan Lajovic,22.99%,137,596,46,2018
Andreas Seppi,22.82%,136,596,45,2018
Marin Cilic,22.79%,183,803,58,2018
Joao Sousa,22.74%,156,686,51,2018
Kyle Edmund,21.95%,162,738,57,2018
Guido Pella,21.88%,128,585,45,2018
Robin Haase,21.16%,150,709,52,2018
Nikoloz Basilashvili,20.72%,139,671,55,2018
Mischa Zverev,20.18%,115,570,48,2018
Stefanos Tsitsipas,19.69%,177,899,73,2018
Philipp Kohlschreiber,19.60%,119,607,46,2018
Denis Shapovalov,19.40%,154,794,60,2018
Adrian Mannarino,19.26%,131,680,54,2018
Marco Cecchinato,18.92%,112,592,46,2018
Jan-Lennard Struff,18.91%,118,624,47,2018
Leonardo Mayer,18.01%,105,583,47,2018
Frances Tiafoe,17.98%,119,662,52,2018
Peter Gojowczyk,17.74%,99,558,48,2018
Steve Johnson,17.64%,106,601,49,2018
Albert Ramos-Vinolas,17.05%,97,569,46,2018
Jeremy Chardy,16.84%,95,564,45,2018
Pierre-Hugues Herbert,16.78%,101,602,45,2018
Nicolas Jarry,16.59%,105,633,45,2018
Kevin Anderson,15.95%,149,934,66,2018
Milos Raonic,15.54%,90,579,45,2018
John Isner,9.42%,80,849,54,2018
