player,percentage_service,games_won_service,games_total_service,matches,year
Pete Sampras,87.39%,721,825,71,1991
Michael Stich,87.26%,925,"1,060",99,1991
Guy Forget,86.15%,784,910,84,1991
Stefan Edberg,85.36%,892,"1,045",93,1991
Jim Courier,84.53%,754,892,78,1991
Ivan Lendl,84.48%,773,915,73,1991
Boris Becker,84.34%,668,792,62,1991
Richard Krajicek,84.07%,496,590,46,1991
Goran Ivanisevic,83.81%,559,667,64,1991
Jakob Hlasek,83.17%,697,838,77,1991
MaliVai Washington,82.72%,541,654,55,1991
Shuzo Matsuoka,82.39%,393,477,44,1991
Jan Siemerink,82.17%,553,673,51,1991
Emilio Sanchez,82.09%,559,681,68,1991
John McEnroe,81.56%,460,564,51,1991
David Wheaton,81.54%,486,596,52,1991
Karel Novacek,80.34%,801,997,88,1991
Derrick Rostagno,79.89%,588,736,63,1991
Wally Masur,79.85%,523,655,54,1991
Andre Agassi,79.72%,519,651,56,1991
Omar Camporese,78.83%,592,751,65,1991
Brad Gilbert,78.39%,515,657,61,1991
Anders Jarryd,77.19%,379,491,47,1991
Marc Rosset,76.69%,398,519,53,1991
Aaron Krickstein,76.51%,456,596,52,1991
Javier Sanchez,76.18%,579,760,64,1991
Alexander Volkov,75.78%,676,892,76,1991
Patrik Kuhnen,75.77%,419,553,45,1991
Michael Chang,75.52%,549,727,67,1991
Petr Korda,75.26%,578,768,69,1991
Sergi Bruguera,75.22%,607,807,73,1991
Wayne Ferreira,75.05%,400,533,47,1991
Richey Reneberg,75.00%,456,608,49,1991
Paul Haarhuis,74.60%,417,559,54,1991
Patrick McEnroe,74.57%,434,582,50,1991
Martin Jaite,74.45%,373,501,48,1991
Andrei Cherkasov,74.44%,594,798,73,1991
Amos Mansdorf,74.44%,402,540,50,1991
Magnus Gustafsson,74.40%,555,746,69,1991
Francisco Clavet,74.13%,513,692,64,1991
Carl-Uwe Steeb,74.13%,470,634,57,1991
Goran Prpic,73.61%,558,758,70,1991
Horst Skoff,73.58%,507,689,64,1991
Jonas Svensson,73.56%,395,537,45,1991
Todd Woodbridge,72.76%,390,536,48,1991
Jaime Oncins,72.60%,318,438,44,1991
Luiz Mattar,72.53%,338,466,46,1991
Nicklas Kulti,72.51%,335,462,44,1991
Christian Bergstrom,72.16%,425,589,53,1991
Jean-Philippe Fleurian,72.12%,401,556,48,1991
Thomas Muster,71.95%,372,517,49,1991
Thierry Champion,70.75%,445,629,53,1991
Cristiano Caratti,69.70%,398,571,44,1991
Jordi Arrese,69.37%,453,653,58,1991
Andrei Chesnokov,69.20%,382,552,51,1991
Mark Koevermans,68.78%,304,442,45,1991
Fabrice Santoro,68.10%,348,511,51,1991
Renzo Furlan,64.63%,338,523,48,1991
Marian Vajda,62.37%,310,497,44,1991
Goran Ivanisevic,88.78%,807,909,80,1992
Richard Krajicek,86.85%,779,897,72,1992
Jim Courier,86.81%,882,"1,016",87,1992
Michael Stich,86.05%,629,731,68,1992
Pete Sampras,85.62%,869,"1,015",91,1992
Guy Forget,85.33%,721,845,70,1992
Stefan Edberg,85.04%,932,"1,096",92,1992
Boris Becker,85.01%,692,814,67,1992
Wally Masur,82.96%,701,845,70,1992
Ivan Lendl,82.91%,786,948,74,1992
Marc Rosset,82.51%,533,646,69,1992
Jim Grabb,82.24%,537,653,55,1992
John McEnroe,81.90%,516,630,50,1992
Magnus Larsson,81.74%,488,597,50,1992
Arnaud Boetsch,81.13%,559,689,60,1992
MaliVai Washington,81.08%,673,830,72,1992
Andre Agassi,79.84%,487,610,57,1992
Wayne Ferreira,79.24%,729,920,74,1992
David Wheaton,79.17%,551,696,53,1992
Cedric Pioline,79.15%,596,753,58,1992
Jan Siemerink,79.11%,462,584,50,1992
Brad Gilbert,78.75%,645,819,65,1992
Sergi Bruguera,78.57%,506,644,68,1992
Emilio Sanchez,78.31%,639,816,75,1992
Amos Mansdorf,78.12%,589,754,62,1992
Carl-Uwe Steeb,78.02%,529,678,62,1992
Michael Chang,77.96%,697,894,80,1992
Derrick Rostagno,77.85%,450,578,47,1992
Omar Camporese,77.72%,485,624,53,1992
Paul Haarhuis,77.57%,536,691,66,1992
Karel Novacek,77.39%,527,681,68,1992
Jakob Hlasek,77.24%,414,536,59,1992
Carlos Costa,77.12%,536,695,61,1992
Alexander Volkov,77.04%,718,932,80,1992
Aaron Krickstein,76.68%,421,549,46,1992
Thomas Muster,76.62%,531,693,62,1992
Andrei Cherkasov,76.47%,546,714,70,1992
Petr Korda,76.32%,780,"1,022",92,1992
Todd Woodbridge,76.26%,440,577,47,1992
Mark Woodforde,75.73%,465,614,50,1992
Javier Sanchez,75.12%,604,804,65,1992
Magnus Gustafsson,74.71%,393,526,54,1992
Alberto Mancini,74.54%,401,538,51,1992
Jeff Tarango,73.45%,487,663,52,1992
Marcelo Filippini,73.37%,383,522,50,1992
Olivier Delaitre,73.37%,372,507,45,1992
Francisco Clavet,73.10%,557,762,68,1992
Stefano Pescosolido,72.76%,414,569,48,1992
Gianluca Pozzi,72.50%,501,691,56,1992
Jaime Yzaga,72.38%,380,525,49,1992
Christian Bergstrom,71.51%,379,530,46,1992
Jordi Arrese,69.83%,368,527,54,1992
Fabrice Santoro,69.63%,353,507,51,1992
Horst Skoff,69.45%,316,455,47,1992
Jaime Oncins,69.13%,327,473,52,1992
Andrei Chesnokov,69.08%,478,692,59,1992
Thierry Champion,67.73%,382,564,51,1992
Renzo Furlan,67.32%,379,563,55,1992
Pete Sampras,89.53%,"1,069","1,194",101,1993
Richard Krajicek,86.75%,655,755,57,1993
Jim Courier,86.64%,843,973,75,1993
Goran Ivanisevic,86.22%,726,842,75,1993
Michael Stich,86.10%,979,"1,137",98,1993
Marc Rosset,86.04%,647,752,71,1993
Boris Becker,85.57%,664,776,61,1993
Thomas Muster,83.54%,939,"1,124",98,1993
Todd Martin,83.23%,685,823,68,1993
Jonathan Stark,83.06%,510,614,51,1993
Cedric Pioline,82.50%,844,"1,023",78,1993
Andre Agassi,82.24%,403,490,44,1993
Amos Mansdorf,81.59%,607,744,67,1993
Jan Siemerink,81.40%,512,629,49,1993
Jamie Morgan,81.32%,531,653,49,1993
Michael Chang,81.19%,816,"1,005",87,1993
Marc-Kevin Goellner,81.18%,617,760,64,1993
MaliVai Washington,81.04%,590,728,62,1993
Richard Fromberg,80.96%,676,835,68,1993
Kenneth Carlsen,80.67%,409,507,48,1993
Stefan Edberg,80.58%,809,"1,004",87,1993
Wally Masur,80.57%,593,736,60,1993
Arnaud Boetsch,80.37%,651,810,72,1993
Karel Novacek,80.00%,624,780,68,1993
Alexander Volkov,79.91%,704,881,74,1993
Magnus Larsson,79.67%,533,669,57,1993
Stephane Simian,79.62%,457,574,44,1993
Carlos Costa,79.43%,645,812,71,1993
Bryan Shelton,79.41%,455,573,44,1993
Andrei Medvedev,79.32%,821,"1,035",81,1993
Ivan Lendl,79.23%,515,650,56,1993
Jacco Eltingh,79.23%,431,544,48,1993
Sergi Bruguera,79.19%,742,937,90,1993
Jakob Hlasek,78.61%,441,561,52,1993
Wayne Ferreira,78.27%,605,773,69,1993
Mark Woodforde,78.27%,461,589,52,1993
Chuck Adams,78.25%,500,639,50,1993
Jason Stoltenberg,78.10%,428,548,48,1993
Nicklas Kulti,77.89%,458,588,52,1993
Henrik Holm,77.84%,527,677,55,1993
Guillaume Raoux,77.67%,501,645,55,1993
Richey Reneberg,77.47%,540,697,64,1993
Paul Haarhuis,77.39%,534,690,60,1993
Petr Korda,77.05%,611,793,77,1993
Jonas Svensson,77.03%,587,762,62,1993
Andrei Olhovskiy,76.78%,486,633,56,1993
Brett Steven,76.55%,532,695,62,1993
David Wheaton,76.43%,522,683,54,1993
Magnus Gustafsson,76.38%,705,923,82,1993
Javier Sanchez,74.97%,626,835,70,1993
Emilio Sanchez,74.96%,497,663,54,1993
Aaron Krickstein,74.06%,414,559,45,1993
Carl-Uwe Steeb,73.83%,316,428,44,1993
Brad Gilbert,73.56%,551,749,59,1993
Jaime Yzaga,73.56%,459,624,57,1993
Alex Corretja,73.54%,364,495,47,1993
Alberto Berasategui,73.38%,386,526,47,1993
Rodolphe Gilbert,72.84%,413,567,47,1993
Christian Bergstrom,72.76%,398,547,46,1993
Andrei Cherkasov,72.34%,544,752,68,1993
Patrick McEnroe,71.77%,361,503,46,1993
Bernd Karbacher,71.45%,423,592,46,1993
Renzo Furlan,70.97%,423,596,55,1993
Andrei Chesnokov,70.78%,528,746,68,1993
Jeff Tarango,70.16%,395,563,50,1993
Ronald Agenor,69.92%,365,522,44,1993
Marcos Ondruska,69.60%,435,625,61,1993
Fabrice Santoro,69.30%,395,570,52,1993
Marcelo Filippini,67.42%,329,488,44,1993
Tomas Carbonell,66.18%,362,547,46,1993
Francisco Clavet,65.76%,338,514,46,1993
Pete Sampras,88.10%,896,"1,017",89,1994
Richard Krajicek,87.06%,471,541,47,1994
Goran Ivanisevic,86.51%,930,"1,075",92,1994
Boris Becker,86.49%,685,792,66,1994
Michael Stich,85.55%,817,955,84,1994
Magnus Larsson,84.94%,547,644,61,1994
Jacco Eltingh,84.48%,664,786,65,1994
Greg Rusedski,83.89%,573,683,50,1994
Kenneth Carlsen,83.67%,410,490,45,1994
Patrick Rafter,83.66%,758,906,73,1994
Todd Martin,83.64%,777,929,73,1994
Jim Courier,83.42%,639,766,66,1994
Marc-Kevin Goellner,83.13%,483,581,52,1994
Jonathan Stark,83.10%,472,568,49,1994
Andre Agassi,82.86%,667,805,66,1994
Marc Rosset,82.46%,724,878,75,1994
David Wheaton,82.29%,460,559,46,1994
Stefan Edberg,82.08%,733,893,86,1994
Daniel Vacek,82.05%,567,691,51,1994
Ivan Lendl,82.00%,419,511,46,1994
Wayne Ferreira,81.55%,906,"1,111",95,1994
Michael Chang,81.31%,796,979,87,1994
Chuck Adams,81.21%,471,580,50,1994
Jared Palmer,81.03%,470,580,47,1994
Thomas Muster,80.13%,754,941,83,1994
Richard Fromberg,79.63%,567,712,53,1994
Sergi Bruguera,79.41%,802,"1,010",91,1994
Jason Stoltenberg,79.34%,580,731,63,1994
Karel Novacek,79.30%,659,831,70,1994
Andrei Olhovskiy,78.95%,510,646,52,1994
MaliVai Washington,78.78%,594,754,59,1994
Arnaud Boetsch,78.52%,424,540,53,1994
Jakob Hlasek,77.99%,418,536,50,1994
Mark Woodforde,77.51%,479,618,57,1994
Yevgeny Kafelnikov,77.36%,820,"1,060",95,1994
Andrei Medvedev,77.34%,505,653,52,1994
Aaron Krickstein,77.25%,533,690,55,1994
Marcelo Filippini,77.10%,303,393,45,1994
Paul Haarhuis,76.80%,417,543,50,1994
Petr Korda,76.51%,508,664,60,1994
Karsten Braasch,76.38%,498,652,57,1994
Richey Reneberg,76.35%,523,685,57,1994
Younes El Aynaoui,76.19%,368,483,45,1994
Nicklas Kulti,76.13%,453,595,46,1994
Cedric Pioline,75.75%,581,767,62,1994
Carlos Costa,75.23%,577,767,66,1994
Olivier Delaitre,75.00%,402,536,46,1994
Alexander Volkov,74.94%,658,878,74,1994
Henrik Holm,74.64%,412,552,44,1994
Amos Mansdorf,74.55%,413,554,49,1994
Alberto Berasategui,74.42%,742,997,91,1994
Jonas Bjorkman,74.32%,521,701,57,1994
Jeff Tarango,74.25%,421,567,50,1994
Andrea Gaudenzi,74.23%,533,718,69,1994
Bernd Karbacher,74.23%,556,749,63,1994
Javier Sanchez,74.15%,479,646,58,1994
Brett Steven,73.76%,402,545,49,1994
Alex Corretja,73.59%,613,833,66,1994
Francisco Clavet,72.61%,403,555,46,1994
Byron Black,72.19%,392,543,50,1994
Stefano Pescosolido,72.01%,373,518,44,1994
Jaime Yzaga,71.94%,523,727,63,1994
David Rikl,71.76%,376,524,47,1994
Renzo Furlan,71.38%,454,636,58,1994
Lars Jonsson,70.85%,350,494,44,1994
Andrei Chesnokov,70.59%,516,731,67,1994
Jordi Burillo,69.12%,385,557,52,1994
Tomas Carbonell,68.61%,424,618,55,1994
Slava Dosedel,67.82%,451,665,61,1994
Gilbert Schaller,67.56%,352,521,51,1994
Jordi Arrese,67.37%,351,521,46,1994
Pete Sampras,89.01%,980,"1,101",88,1995
Boris Becker,88.07%,768,872,72,1995
Andre Agassi,87.35%,801,917,82,1995
Richard Krajicek,86.10%,669,777,67,1995
Goran Ivanisevic,86.08%,668,776,70,1995
Mark Philippoussis,86.02%,437,508,44,1995
Jim Courier,85.92%,854,994,83,1995
Greg Rusedski,85.39%,643,753,61,1995
Michael Stich,84.76%,634,748,66,1995
Magnus Larsson,84.40%,514,609,50,1995
Marc Rosset,84.13%,583,693,62,1995
Kenneth Carlsen,83.81%,497,593,50,1995
Todd Martin,83.58%,672,804,72,1995
Guy Forget,83.30%,449,539,45,1995
Michael Chang,82.68%,845,"1,022",84,1995
Jan Siemerink,82.31%,628,763,66,1995
Yevgeny Kafelnikov,81.91%,874,"1,067",105,1995
Daniel Vacek,81.52%,569,698,63,1995
David Wheaton,81.44%,531,652,52,1995
Thomas Enqvist,80.81%,762,943,86,1995
Thomas Muster,80.79%,967,"1,197",104,1995
Jacco Eltingh,80.72%,557,690,54,1995
Patrick Rafter,79.94%,554,693,57,1995
Stefan Edberg,79.62%,551,692,62,1995
Wayne Ferreira,79.38%,789,994,84,1995
Marc-Kevin Goellner,79.35%,465,586,47,1995
Brett Steven,78.88%,523,663,60,1995
MaliVai Washington,78.74%,537,682,60,1995
Patrick McEnroe,78.56%,535,681,54,1995
Jakob Hlasek,78.40%,559,713,62,1995
Cedric Pioline,78.03%,451,578,55,1995
Marcelo Rios,77.99%,528,677,62,1995
Sergi Bruguera,77.09%,461,598,59,1995
Albert Costa,77.00%,492,639,55,1995
Richey Reneberg,76.85%,405,527,45,1995
Mark Woodforde,76.79%,516,672,58,1995
Todd Woodbridge,76.67%,483,630,56,1995
Renzo Furlan,76.57%,598,781,71,1995
Petr Korda,76.47%,481,629,50,1995
Paul Haarhuis,76.28%,537,704,59,1995
Arnaud Boetsch,76.26%,694,910,78,1995
Byron Black,76.20%,445,584,56,1995
Alexander Volkov,75.90%,529,697,62,1995
Andrei Medvedev,75.84%,584,770,67,1995
Jonas Bjorkman,74.27%,537,723,63,1995
Andrea Gaudenzi,74.03%,456,616,60,1995
Olivier Delaitre,73.60%,382,519,44,1995
Bernd Karbacher,72.88%,438,601,52,1995
Javier Sanchez,72.63%,536,738,64,1995
Alberto Berasategui,72.60%,559,770,67,1995
Alex Corretja,72.29%,420,581,51,1995
Vincent Spadea,71.91%,407,566,49,1995
Gilbert Schaller,71.87%,603,839,73,1995
Slava Dosedel,71.55%,410,573,54,1995
Jason Stoltenberg,70.75%,370,523,47,1995
Carlos Costa,70.42%,431,612,54,1995
Francisco Clavet,70.05%,463,661,57,1995
Andrei Chesnokov,69.96%,312,446,45,1995
Karol Kucera,69.03%,350,507,51,1995
Bohdan Ulihrach,68.98%,378,548,51,1995
Tomas Carbonell,68.35%,434,635,52,1995
Pete Sampras,91.01%,941,"1,034",76,1996
Goran Ivanisevic,89.25%,"1,029","1,153",103,1996
Boris Becker,86.27%,578,670,56,1996
Greg Rusedski,85.88%,651,758,68,1996
Richard Krajicek,85.10%,771,906,74,1996
Patrick Rafter,84.92%,428,504,45,1996
Mark Philippoussis,84.59%,560,662,56,1996
Marc Rosset,84.53%,634,750,67,1996
Todd Martin,84.50%,763,903,76,1996
Yevgeny Kafelnikov,82.82%,"1,012","1,222",105,1996
Jan Siemerink,82.51%,670,812,66,1996
Guy Forget,82.48%,513,622,48,1996
Martin Damm,82.41%,628,762,62,1996
Jim Courier,82.21%,476,579,45,1996
Cedric Pioline,82.12%,551,671,67,1996
Marc-Kevin Goellner,81.69%,473,579,49,1996
Michael Chang,81.54%,795,975,84,1996
Kenneth Carlsen,81.46%,391,480,46,1996
Thomas Muster,81.45%,808,992,88,1996
Wayne Ferreira,81.17%,681,839,77,1996
Mark Woodforde,81.06%,552,681,57,1996
Javier Frana,80.58%,444,551,47,1996
Thomas Enqvist,80.53%,728,904,87,1996
Tim Henman,80.51%,570,708,65,1996
Stefan Edberg,80.40%,677,842,72,1996
Guillaume Raoux,80.12%,415,518,44,1996
MaliVai Washington,79.64%,485,609,57,1996
Magnus Gustafsson,79.54%,447,562,54,1996
Daniel Vacek,79.50%,481,605,58,1996
Thomas Johansson,79.36%,469,591,49,1996
Jakob Hlasek,79.17%,479,605,55,1996
Magnus Larsson,78.68%,476,605,52,1996
Albert Costa,78.36%,717,915,81,1996
Andrei Medvedev,77.79%,515,662,56,1996
Hendrik Dreekmann,77.78%,385,495,45,1996
Vincent Spadea,77.74%,461,593,49,1996
Richey Reneberg,77.73%,576,741,62,1996
Petr Korda,77.54%,518,668,61,1996
Marcelo Rios,77.52%,669,863,82,1996
David Prinosil,77.17%,463,600,55,1996
Alex Corretja,77.05%,574,745,62,1996
Arnaud Boetsch,76.89%,489,636,59,1996
Renzo Furlan,76.46%,510,667,64,1996
Jason Stoltenberg,76.34%,497,651,63,1996
Andre Agassi,76.19%,448,588,52,1996
Sjeng Schalken,76.18%,483,634,53,1996
Carlos Moya,76.15%,594,780,71,1996
Paul Haarhuis,75.71%,530,700,60,1996
Adrian Voinea,75.43%,485,643,56,1996
Alberto Berasategui,75.13%,589,784,72,1996
Sergi Bruguera,74.90%,364,486,47,1996
Todd Woodbridge,74.70%,490,656,61,1996
Bernd Karbacher,74.67%,401,537,44,1996
Francisco Clavet,74.08%,546,737,65,1996
Filip Dewulf,73.71%,443,601,54,1996
Hernan Gumy,73.41%,472,643,60,1996
Byron Black,73.35%,501,683,63,1996
Jiri Novak,73.23%,465,635,55,1996
Jonas Bjorkman,73.07%,464,635,50,1996
Javier Sanchez,72.76%,545,749,63,1996
Karol Kucera,71.91%,361,502,49,1996
Felix Mantilla,71.53%,633,885,75,1996
Bohdan Ulihrach,71.41%,532,745,68,1996
Andrea Gaudenzi,70.36%,406,577,58,1996
Christian Ruud,69.28%,336,485,52,1996
Tomas Carbonell,69.15%,381,551,46,1996
Carlos Costa,66.13%,373,564,52,1996
Gilbert Schaller,65.59%,326,497,44,1996
Greg Rusedski,91.57%,869,949,76,1997
Richard Krajicek,90.61%,753,831,68,1997
Pete Sampras,90.44%,700,774,67,1997
Goran Ivanisevic,87.59%,755,862,75,1997
Mark Philippoussis,86.49%,717,829,69,1997
Patrick Rafter,84.82%,933,"1,100",94,1997
Thomas Enqvist,84.04%,532,633,62,1997
Magnus Larsson,83.33%,645,774,65,1997
Albert Costa,82.98%,580,699,66,1997
Tim Henman,82.84%,705,851,72,1997
Petr Korda,82.81%,785,948,79,1997
Guillaume Raoux,81.94%,508,620,53,1997
Alex Radulescu,81.80%,517,632,50,1997
Thomas Muster,81.50%,630,773,70,1997
Marcelo Rios,80.99%,805,994,86,1997
Michael Chang,80.73%,725,898,78,1997
Chris Woodruff,80.58%,527,654,55,1997
Kenneth Carlsen,80.30%,489,609,54,1997
Jim Courier,80.12%,528,659,56,1997
Marc-Kevin Goellner,80.09%,547,683,58,1997
Jan Siemerink,79.97%,483,604,52,1997
Jonas Bjorkman,79.96%,818,"1,023",97,1997
Gustavo Kuerten,79.95%,586,733,61,1997
Richard Fromberg,79.93%,446,558,44,1997
Cedric Pioline,79.89%,604,756,64,1997
Magnus Norman,79.88%,643,805,68,1997
Martin Damm,79.83%,479,600,51,1997
Yevgeny Kafelnikov,79.43%,757,953,82,1997
Marc Rosset,79.37%,581,732,66,1997
Alex O'Brien,79.37%,504,635,50,1997
Felix Mantilla,79.25%,680,858,75,1997
Thomas Johansson,78.89%,553,701,59,1997
Alex Corretja,78.71%,658,836,71,1997
Sergi Bruguera,78.03%,721,924,77,1997
Paul Haarhuis,77.57%,460,593,49,1997
Magnus Gustafsson,77.30%,453,586,46,1997
Dominik Hrbaty,77.10%,441,572,50,1997
Jeff Tarango,76.88%,542,705,60,1997
Renzo Furlan,76.88%,449,584,50,1997
Wayne Ferreira,76.77%,466,607,51,1997
Filip Dewulf,76.71%,415,541,46,1997
Mark Woodforde,76.49%,501,655,54,1997
Andrei Medvedev,76.04%,476,626,58,1997
Juan Albert Viloca-Puig,76.02%,409,538,46,1997
Fabrice Santoro,75.85%,471,621,56,1997
Todd Woodbridge,75.83%,458,604,51,1997
Byron Black,75.44%,430,570,55,1997
Daniel Vacek,75.39%,383,508,45,1997
Bohdan Ulihrach,74.88%,459,613,55,1997
Marcelo Filippini,74.81%,398,532,53,1997
Carlos Moya,74.54%,723,970,86,1997
Vincent Spadea,74.54%,407,546,46,1997
Fernando Meligeni,74.27%,381,513,46,1997
Hernan Gumy,73.43%,434,591,54,1997
Francisco Clavet,73.34%,564,769,65,1997
Karim Alami,73.18%,401,548,52,1997
Alberto Berasategui,72.95%,526,721,66,1997
David Prinosil,72.84%,354,486,44,1997
Javier Sanchez,72.77%,572,786,68,1997
Hicham Arazi,71.63%,467,652,57,1997
Christian Ruud,71.15%,402,565,54,1997
Karol Kucera,70.40%,459,652,64,1997
Richard Krajicek,89.17%,708,794,60,1998
Pete Sampras,88.73%,858,967,78,1998
Greg Rusedski,88.03%,787,894,75,1998
Patrick Rafter,87.60%,848,968,81,1998
Jan Siemerink,85.95%,691,804,66,1998
Goran Ivanisevic,85.68%,808,943,72,1998
Marcelo Rios,85.00%,748,880,85,1998
Mark Philippoussis,84.94%,592,697,53,1998
Andre Agassi,84.85%,795,937,86,1998
Todd Martin,84.57%,674,797,65,1998
Thomas Enqvist,83.49%,526,630,51,1998
Kenneth Carlsen,82.36%,467,567,48,1998
Gustavo Kuerten,81.50%,630,773,66,1998
Richard Fromberg,81.15%,607,748,57,1998
Thomas Johansson,80.79%,736,911,76,1998
Tim Henman,80.25%,841,"1,048",88,1998
Alex Corretja,80.02%,765,956,78,1998
Jerome Golmard,79.71%,440,552,46,1998
Guillaume Raoux,79.67%,525,659,54,1998
Michael Chang,79.61%,527,662,52,1998
Marc Rosset,79.59%,499,627,57,1998
Daniel Vacek,79.44%,510,642,55,1998
Yevgeny Kafelnikov,78.85%,779,988,86,1998
Martin Damm,78.83%,432,548,48,1998
Jason Stoltenberg,78.79%,561,712,59,1998
Felix Mantilla,78.56%,634,807,68,1998
Magnus Gustafsson,78.46%,539,687,61,1998
Albert Costa,78.32%,654,835,72,1998
Ramon Delgado,78.23%,406,519,48,1998
Jan-Michael Gambill,78.18%,516,660,55,1998
Wayne Ferreira,78.08%,552,707,60,1998
Cedric Pioline,77.92%,660,847,70,1998
Tommy Haas,77.62%,555,715,67,1998
Francisco Clavet,77.47%,643,830,68,1998
Carlos Moya,77.38%,715,924,77,1998
Petr Korda,77.32%,525,679,55,1998
David Prinosil,77.31%,443,573,46,1998
Nicolas Kiefer,77.27%,561,726,63,1998
Mark Woodforde,77.15%,466,604,51,1998
Andrei Pavel,77.08%,370,480,46,1998
Byron Black,76.99%,572,743,65,1998
Andrei Medvedev,76.77%,433,564,48,1998
Sjeng Schalken,76.61%,475,620,54,1998
Thomas Muster,76.61%,475,620,52,1998
Filip Dewulf,76.05%,397,522,46,1998
Dominik Hrbaty,75.07%,524,698,63,1998
Karol Kucera,75.05%,683,910,82,1998
Nicolas Escude,74.44%,399,536,44,1998
Andrea Gaudenzi,74.35%,487,655,59,1998
Gianluca Pozzi,74.19%,411,554,51,1998
Magnus Norman,74.17%,491,662,59,1998
Jeff Tarango,73.96%,463,626,53,1998
Hicham Arazi,73.85%,466,631,53,1998
Jonas Bjorkman,73.52%,522,710,65,1998
Davide Sanguinetti,73.49%,499,679,63,1998
Bohdan Ulihrach,73.21%,522,713,63,1998
Fabrice Santoro,73.11%,503,688,57,1998
Vincent Spadea,72.34%,476,658,55,1998
Slava Dosedel,72.08%,377,523,48,1998
Galo Blanco,72.06%,361,501,45,1998
Alberto Berasategui,71.77%,483,673,56,1998
Carlos Costa,71.60%,363,507,45,1998
Wayne Black,71.40%,367,514,45,1998
Julian Alonso,70.49%,375,532,48,1998
Todd Woodbridge,69.27%,390,563,44,1998
Nicolas Lapentti,68.14%,370,543,49,1998
Juan Antonio Marin,67.03%,364,543,47,1998
Pete Sampras,89.93%,536,596,48,1999
Richard Krajicek,89.27%,649,727,64,1999
Andre Agassi,88.40%,770,871,77,1999
Mark Philippoussis,87.04%,571,656,52,1999
Greg Rusedski,86.90%,743,855,74,1999
Todd Martin,85.93%,696,810,62,1999
Patrick Rafter,84.75%,550,649,54,1999
Jim Courier,83.83%,539,643,52,1999
Gustavo Kuerten,82.51%,698,846,75,1999
Marc Rosset,82.31%,498,605,54,1999
Tommy Haas,82.26%,705,857,73,1999
Thomas Enqvist,81.54%,733,899,76,1999
Younes El Aynaoui,81.41%,495,608,51,1999
Lleyton Hewitt,80.88%,567,701,64,1999
Jan-Michael Gambill,80.81%,497,615,50,1999
Tim Henman,80.66%,738,915,73,1999
Wayne Ferreira,80.59%,544,675,54,1999
Goran Ivanisevic,80.16%,497,620,48,1999
Magnus Norman,80.00%,592,740,66,1999
Albert Costa,79.76%,595,746,62,1999
Nicolas Kiefer,79.73%,716,898,79,1999
Alex Corretja,79.19%,590,745,60,1999
David Prinosil,78.88%,407,516,45,1999
Nicolas Lapentti,78.76%,734,932,82,1999
Yevgeny Kafelnikov,78.51%,855,"1,089",93,1999
Dominik Hrbaty,78.27%,634,810,70,1999
Cedric Pioline,78.12%,664,850,75,1999
Marat Safin,77.83%,646,830,71,1999
Marcelo Rios,77.76%,563,724,65,1999
Jiri Novak,77.66%,511,658,54,1999
Michael Chang,77.56%,470,606,49,1999
Karol Kucera,77.38%,544,703,65,1999
Thomas Johansson,77.18%,399,517,47,1999
Sebastien Grosjean,77.00%,586,761,64,1999
Vincent Spadea,76.57%,562,734,60,1999
Jonas Bjorkman,76.49%,436,570,47,1999
Andrew Ilie,76.21%,535,702,56,1999
Sargis Sargsian,76.08%,404,531,44,1999
Gianluca Pozzi,75.90%,400,527,44,1999
Felix Mantilla,75.66%,485,641,55,1999
Mariano Zabaleta,75.55%,513,679,59,1999
Daniel Vacek,75.40%,521,691,60,1999
Andrei Pavel,75.38%,441,585,55,1999
Fabrice Santoro,75.36%,520,690,62,1999
Karim Alami,74.96%,431,575,51,1999
Carlos Moya,74.84%,574,767,62,1999
Fernando Meligeni,74.72%,467,625,56,1999
Byron Black,74.72%,396,530,51,1999
Francisco Clavet,74.41%,538,723,59,1999
Andrei Medvedev,73.78%,394,534,49,1999
Jeff Tarango,73.60%,407,553,45,1999
Sjeng Schalken,72.88%,489,671,56,1999
Alberto Martin,72.71%,397,546,47,1999
Arnaud Clement,72.63%,422,581,47,1999
Stefan Koubek,72.32%,431,596,58,1999
Hicham Arazi,72.14%,448,621,58,1999
Arnaud Di Pasquale,70.84%,430,607,50,1999
Rainer Schuettler,69.46%,373,537,52,1999
Fernando Vicente,69.28%,442,638,54,1999
Juan Antonio Marin,67.89%,315,464,44,1999
Pete Sampras,91.42%,693,758,55,2000
Patrick Rafter,87.80%,540,615,53,2000
Mark Philippoussis,87.69%,748,853,65,2000
Jan-Michael Gambill,85.81%,641,747,60,2000
Gustavo Kuerten,85.74%,842,982,85,2000
Andre Agassi,84.69%,520,614,55,2000
Tim Henman,84.44%,814,964,82,2000
Max Mirnyi,84.02%,547,651,59,2000
Cedric Pioline,83.61%,551,659,52,2000
Marat Safin,83.59%,"1,024","1,225",100,2000
Thomas Enqvist,83.35%,796,955,74,2000
Lleyton Hewitt,82.92%,699,843,80,2000
Marc Rosset,82.86%,556,671,55,2000
Mariano Puerta,82.38%,519,630,61,2000
Wayne Ferreira,82.35%,681,827,65,2000
Roger Federer,82.05%,599,730,66,2000
Alex Corretja,82.04%,644,785,73,2000
Magnus Norman,82.03%,881,"1,074",92,2000
Carlos Moya,81.64%,538,659,52,2000
Younes El Aynaoui,81.60%,643,788,63,2000
Ivan Ljubicic,80.80%,404,500,45,2000
Jerome Golmard,79.93%,482,603,56,2000
Nicolas Kiefer,79.86%,448,561,46,2000
Thomas Johansson,79.71%,495,621,48,2000
Dominik Hrbaty,79.69%,667,837,73,2000
Sebastien Grosjean,79.51%,648,815,70,2000
Byron Black,79.46%,472,594,53,2000
Marcelo Rios,79.40%,451,568,52,2000
Tommy Haas,79.30%,502,633,58,2000
Albert Costa,78.84%,488,619,58,2000
Nicolas Lapentti,78.80%,632,802,72,2000
Nicolas Escude,78.62%,445,566,51,2000
Hicham Arazi,78.34%,568,725,59,2000
Jonas Bjorkman,78.11%,521,667,55,2000
Sjeng Schalken,78.10%,574,735,65,2000
Juan Carlos Ferrero,77.83%,646,830,72,2000
Karim Alami,77.24%,475,615,53,2000
Yevgeny Kafelnikov,77.17%,896,"1,161",101,2000
Andreas Vinciguerra,77.14%,405,525,50,2000
Andrei Pavel,77.07%,548,711,64,2000
Gianluca Pozzi,76.67%,460,600,50,2000
Francisco Clavet,76.48%,517,676,59,2000
Michael Chang,76.00%,630,829,68,2000
Arnaud Clement,75.26%,569,756,63,2000
Mariano Zabaleta,75.19%,397,528,47,2000
Fabrice Santoro,75.15%,511,680,61,2000
Karol Kucera,75.14%,408,543,52,2000
Andrew Ilie,75.08%,455,606,48,2000
Rainer Schuettler,74.78%,427,571,52,2000
Franco Squillari,74.74%,509,681,58,2000
Nicolas Massu,74.38%,357,480,51,2000
Jiri Novak,74.22%,426,574,53,2000
Stefan Koubek,73.03%,463,634,57,2000
Fernando Vicente,72.59%,511,704,56,2000
Albert Portas,72.52%,388,535,45,2000
Gaston Gaudio,71.16%,417,586,52,2000
Alberto Martin,68.88%,374,543,50,2000
Andy Roddick,90.35%,637,705,58,2001
Goran Ivanisevic,87.46%,551,630,51,2001
Patrick Rafter,87.40%,687,786,66,2001
Greg Rusedski,87.10%,648,744,62,2001
Gustavo Kuerten,86.67%,819,945,78,2001
Pete Sampras,86.43%,637,737,51,2001
Ivan Ljubicic,85.51%,537,628,51,2001
Andre Agassi,84.16%,664,789,60,2001
Marat Safin,83.44%,791,948,72,2001
Tommy Haas,83.39%,748,897,78,2001
Roger Federer,83.35%,751,901,70,2001
Max Mirnyi,83.00%,581,700,58,2001
Jan-Michael Gambill,82.82%,564,681,60,2001
Tim Henman,82.62%,737,892,71,2001
Younes El Aynaoui,82.56%,568,688,56,2001
Lleyton Hewitt,82.51%,934,"1,132",98,2001
Juan Carlos Ferrero,81.37%,773,950,78,2001
Thomas Johansson,81.09%,639,788,71,2001
Julien Boutter,80.83%,489,605,50,2001
Jerome Golmard,80.58%,415,515,48,2001
Carlos Moya,80.46%,597,742,59,2001
Xavier Malisse,80.29%,550,685,61,2001
Yevgeny Kafelnikov,79.85%,971,"1,216",97,2001
Jiri Novak,79.85%,432,541,48,2001
Sebastien Grosjean,79.39%,728,917,77,2001
Nicolas Escude,79.17%,513,648,56,2001
Tommy Robredo,78.61%,555,706,57,2001
Thomas Enqvist,78.29%,548,700,55,2001
Guillermo Canas,78.23%,636,813,66,2001
Nicolas Lapentti,78.18%,473,605,55,2001
Marcelo Rios,77.08%,407,528,50,2001
Sjeng Schalken,76.90%,596,775,65,2001
Arnaud Clement,76.77%,598,779,65,2001
Alex Calatrava,76.64%,443,578,47,2001
Alex Corretja,76.54%,535,699,54,2001
Francisco Clavet,76.22%,423,555,50,2001
Andrei Pavel,75.93%,508,669,58,2001
Gaston Gaudio,75.90%,422,556,50,2001
Andreas Vinciguerra,75.66%,488,645,56,2001
Albert Costa,75.17%,430,572,48,2001
Hicham Arazi,75.12%,453,603,56,2001
Michel Kratochvil,75.04%,445,593,52,2001
Harel Levy,75.00%,342,456,45,2001
Rainer Schuettler,74.64%,577,773,64,2001
Felix Mantilla,74.52%,392,526,46,2001
Andrew Ilie,74.21%,449,605,48,2001
Dominik Hrbaty,74.18%,543,732,61,2001
Nicolas Kiefer,73.63%,472,641,58,2001
Bohdan Ulihrach,73.35%,512,698,63,2001
Jonas Bjorkman,73.35%,399,544,49,2001
Franco Squillari,73.19%,445,608,56,2001
Nicolas Massu,73.17%,431,589,51,2001
Magnus Norman,72.76%,358,492,47,2001
Fabrice Santoro,72.46%,513,708,63,2001
Albert Portas,72.46%,521,719,60,2001
Stefan Koubek,72.37%,364,503,46,2001
Alberto Martin,72.21%,491,680,58,2001
Fernando Vicente,70.55%,412,584,49,2001
Wayne Arthurs,90.09%,591,656,49,2002
Greg Rusedski,88.38%,601,680,51,2002
Andy Roddick,87.55%,724,827,78,2002
Pete Sampras,87.16%,543,623,44,2002
Andre Agassi,86.73%,686,791,65,2002
Roger Federer,85.87%,778,906,80,2002
Ivan Ljubicic,84.28%,611,725,58,2002
Fernando Gonzalez,83.74%,654,781,62,2002
Younes El Aynaoui,83.54%,731,875,71,2002
Marat Safin,83.05%,818,985,82,2002
Max Mirnyi,82.84%,507,612,54,2002
Carlos Moya,82.51%,783,949,80,2002
Jan-Michael Gambill,82.07%,540,658,54,2002
Paradorn Srichaphan,81.63%,680,833,74,2002
Tommy Haas,81.62%,697,854,66,2002
Thomas Johansson,81.22%,532,655,53,2002
Guillermo Canas,80.74%,675,836,68,2002
Marcelo Rios,80.57%,477,592,53,2002
Jiri Novak,80.43%,703,874,79,2002
Tim Henman,80.41%,661,822,69,2002
Lleyton Hewitt,80.17%,760,948,76,2002
Juan Carlos Ferrero,79.63%,727,913,73,2002
Andrei Pavel,79.15%,615,777,70,2002
Sebastien Grosjean,79.14%,535,676,65,2002
Alex Corretja,79.14%,535,676,58,2002
Albert Costa,79.08%,582,736,57,2002
James Blake,78.73%,570,724,60,2002
Sjeng Schalken,78.70%,632,803,66,2002
Nicolas Escude,78.69%,458,582,47,2002
Yevgeny Kafelnikov,78.43%,600,765,68,2002
Agustin Calleri,77.80%,431,554,48,2002
Gaston Gaudio,77.76%,549,706,61,2002
Jonas Bjorkman,77.65%,410,528,44,2002
Thomas Enqvist,77.63%,406,523,44,2002
Xavier Malisse,77.45%,498,643,55,2002
Nicolas Massu,77.45%,388,501,48,2002
Juan Ignacio Chela,77.25%,652,844,75,2002
Arnaud Clement,76.85%,518,674,58,2002
Nicolas Lapentti,76.80%,619,806,61,2002
Mikhail Youzhny,76.32%,493,646,55,2002
Rainer Schuettler,75.81%,611,806,71,2002
Davide Sanguinetti,75.70%,408,539,46,2002
David Nalbandian,75.56%,572,757,60,2002
Fabrice Santoro,75.11%,504,671,53,2002
Bohdan Ulihrach,75.00%,399,532,52,2002
Mariano Zabaleta,74.30%,451,607,48,2002
Fernando Meligeni,73.94%,366,495,44,2002
Fernando Vicente,73.71%,457,620,51,2002
Felix Mantilla,73.20%,418,571,51,2002
Dominik Hrbaty,73.08%,437,598,52,2002
Tommy Robredo,73.01%,495,678,58,2002
Nicolas Kiefer,72.85%,381,523,49,2002
Jarkko Nieminen,71.97%,421,585,54,2002
Michel Kratochvil,71.08%,413,581,51,2002
Andre Sa,70.55%,369,523,46,2002
Stefan Koubek,70.08%,424,605,52,2002
Alberto Martin,69.91%,381,545,48,2002
Andy Roddick,91.40%,"1,041","1,139",91,2003
Roger Federer,87.34%,945,"1,082",95,2003
Max Mirnyi,87.31%,702,804,68,2003
Ivan Ljubicic,86.08%,532,618,54,2003
Younes El Aynaoui,85.88%,748,871,66,2003
Andre Agassi,85.60%,624,729,57,2003
Mardy Fish,85.33%,669,784,64,2003
Mark Philippoussis,84.83%,587,692,58,2003
Gustavo Kuerten,83.84%,602,718,62,2003
Feliciano Lopez,83.40%,658,789,65,2003
Juan Carlos Ferrero,83.33%,840,"1,008",88,2003
Carlos Moya,83.21%,798,959,80,2003
Martin Verkerk,82.75%,542,655,50,2003
Sebastien Grosjean,82.39%,599,727,57,2003
Robby Ginepri,82.25%,482,586,49,2003
Guillermo Coria,81.98%,705,860,76,2003
Wayne Ferreira,81.41%,438,538,45,2003
Jonas Bjorkman,81.28%,469,577,51,2003
Lleyton Hewitt,81.20%,445,548,47,2003
Fernando Gonzalez,81.07%,591,729,61,2003
Paradorn Srichaphan,80.88%,719,889,78,2003
Radek Stepanek,79.77%,485,608,52,2003
Raemon Sluiter,79.67%,439,551,45,2003
Tim Henman,79.32%,445,561,48,2003
Jan-Michael Gambill,79.06%,438,554,47,2003
Albert Costa,78.71%,477,606,44,2003
Sjeng Schalken,78.58%,554,705,65,2003
Agustin Calleri,78.36%,496,633,56,2003
Jiri Novak,77.96%,672,862,73,2003
Rainer Schuettler,77.64%,913,"1,176",101,2003
Nicolas Massu,77.45%,505,652,56,2003
Sargis Sargsian,77.34%,505,653,54,2003
Arnaud Clement,77.27%,493,638,51,2003
Dominik Hrbaty,76.96%,461,599,52,2003
Hicham Arazi,76.83%,368,479,45,2003
Nicolas Lapentti,76.63%,400,522,48,2003
James Blake,75.68%,529,699,58,2003
Mariano Zabaleta,75.65%,494,653,58,2003
Tommy Robredo,75.29%,582,773,64,2003
Jarkko Nieminen,75.15%,623,829,70,2003
David Nalbandian,74.90%,588,785,62,2003
Yevgeny Kafelnikov,74.50%,488,655,55,2003
Felix Mantilla,74.30%,454,611,48,2003
Gaston Gaudio,74.25%,548,738,66,2003
Vincent Spadea,73.86%,517,700,59,2003
Juan Ignacio Chela,73.46%,537,731,63,2003
Flavio Saretta,73.43%,373,508,46,2003
Nikolay Davydenko,72.81%,482,662,63,2003
Fernando Vicente,72.76%,422,580,49,2003
Mikhail Youzhny,72.68%,455,626,56,2003
Olivier Rochus,71.70%,446,622,54,2003
Alberto Martin,70.84%,362,511,45,2003
Stefan Koubek,70.80%,354,500,47,2003
David Ferrer,65.44%,337,515,47,2003
David Sanchez,65.15%,359,551,49,2003
Joachim Johansson,91.85%,665,724,57,2004
Roger Federer,91.57%,847,925,80,2004
Andy Roddick,90.90%,909,"1,000",92,2004
Ivo Karlovic,90.38%,554,613,44,2004
Andre Agassi,88.10%,533,605,50,2004
Max Mirnyi,86.68%,501,578,53,2004
Ivan Ljubicic,85.94%,611,711,61,2004
Marat Safin,85.90%,810,943,75,2004
Martin Verkerk,85.45%,458,536,45,2004
Carlos Moya,85.28%,730,856,78,2004
Feliciano Lopez,84.73%,638,753,60,2004
Mardy Fish,84.09%,391,465,49,2004
Cyril Saulnier,83.99%,556,662,51,2004
Tim Henman,83.49%,713,854,66,2004
Mario Ancic,82.91%,524,632,51,2004
Lleyton Hewitt,82.32%,810,984,86,2004
Tommy Haas,82.12%,542,660,59,2004
Andrei Pavel,81.71%,563,689,58,2004
Fernando Verdasco,81.64%,507,621,56,2004
Thomas Johansson,81.50%,489,600,50,2004
Robin Soderling,81.10%,575,709,59,2004
Dominik Hrbaty,80.67%,626,776,68,2004
Paradorn Srichaphan,80.66%,659,817,74,2004
Fernando Gonzalez,80.50%,516,641,63,2004
Victor Hanescu,79.80%,407,510,44,2004
Guillermo Canas,79.74%,606,760,62,2004
Radek Stepanek,79.70%,538,675,57,2004
Luis Horna,79.49%,500,629,60,2004
Nicolas Kiefer,79.43%,506,637,57,2004
Mariano Zabaleta,79.07%,427,540,48,2004
Tommy Robredo,79.02%,599,758,68,2004
Jurgen Melzer,78.87%,474,601,54,2004
Vincent Spadea,78.81%,662,840,69,2004
Mikhail Youzhny,78.74%,611,776,69,2004
Taylor Dent,78.49%,478,609,57,2004
Jiri Novak,78.27%,533,681,63,2004
Guillermo Coria,78.02%,472,605,53,2004
Karol Beck,77.59%,412,531,44,2004
Igor Andreev,77.05%,480,623,56,2004
Rainer Schuettler,77.01%,546,709,59,2004
David Nalbandian,77.00%,482,626,48,2004
Nikolay Davydenko,76.99%,552,717,62,2004
Rafael Nadal,76.91%,373,485,47,2004
Robby Ginepri,76.80%,437,569,48,2004
Jonas Bjorkman,76.49%,410,536,47,2004
Xavier Malisse,75.88%,409,539,49,2004
Nicolas Massu,74.89%,489,653,70,2004
Albert Costa,73.97%,412,557,44,2004
Gaston Gaudio,73.74%,570,773,61,2004
Juan Ignacio Chela,73.49%,535,728,61,2004
Stefan Koubek,73.09%,421,576,49,2004
Sargis Sargsian,73.01%,395,541,44,2004
Alberto Martin,72.90%,433,594,49,2004
David Sanchez,71.90%,389,541,46,2004
Filippo Volandri,70.35%,401,570,53,2004
David Ferrer,68.81%,492,715,60,2004
Andy Roddick,92.50%,839,907,73,2005
Roger Federer,89.20%,975,"1,093",85,2005
Ivan Ljubicic,87.81%,807,919,81,2005
Mario Ancic,86.40%,686,794,71,2005
Greg Rusedski,86.04%,524,609,50,2005
Fernando Gonzalez,85.78%,760,886,72,2005
Max Mirnyi,85.77%,609,710,60,2005
Lleyton Hewitt,85.43%,522,611,46,2005
Thomas Johansson,85.33%,739,866,73,2005
Andre Agassi,84.81%,508,599,50,2005
Rafael Nadal,84.49%,877,"1,038",89,2005
Feliciano Lopez,83.22%,620,745,59,2005
Radek Stepanek,83.00%,747,900,71,2005
Robby Ginepri,82.71%,598,723,60,2005
James Blake,82.63%,547,662,56,2005
Taylor Dent,81.78%,534,653,54,2005
Jose Acasuso,81.25%,520,640,53,2005
Tomas Berdych,81.00%,601,742,63,2005
Victor Hanescu,80.81%,476,589,51,2005
Fernando Verdasco,80.72%,607,752,63,2005
Gilles Muller,80.71%,389,482,44,2005
Sebastien Grosjean,80.43%,555,690,53,2005
Carlos Moya,80.09%,507,633,51,2005
Mariano Puerta,79.97%,615,769,63,2005
Juan Carlos Ferrero,79.68%,694,871,73,2005
Tommy Haas,79.55%,490,616,57,2005
Olivier Rochus,78.89%,583,739,64,2005
Nicolas Kiefer,78.48%,518,660,57,2005
Nikolay Davydenko,77.96%,704,903,86,2005
Igor Andreev,77.93%,625,802,68,2005
Paradorn Srichaphan,77.90%,550,706,65,2005
Dominik Hrbaty,77.72%,565,727,69,2005
Tommy Robredo,77.07%,642,833,68,2005
Davide Sanguinetti,76.98%,485,630,50,2005
Kevin Kim,76.10%,414,544,44,2005
Gaston Gaudio,76.02%,653,859,76,2005
David Nalbandian,75.91%,586,772,63,2005
Andrei Pavel,75.91%,419,552,48,2005
Guillermo Coria,75.89%,705,929,82,2005
Mikhail Youzhny,75.60%,412,545,46,2005
Jarkko Nieminen,75.04%,490,653,55,2005
Jurgen Melzer,75.00%,465,620,52,2005
Paul-Henri Mathieu,74.14%,453,611,57,2005
David Ferrer,73.29%,612,835,72,2005
Juan Ignacio Chela,73.17%,450,615,54,2005
Tomas Zib,73.04%,363,497,48,2005
Jiri Novak,72.95%,391,536,47,2005
Vincent Spadea,72.71%,405,557,48,2005
Guillermo Garcia-Lopez,72.27%,370,512,45,2005
Gael Monfils,71.91%,402,559,47,2005
Filippo Volandri,71.12%,399,561,56,2005
Alberto Martin,70.98%,411,579,54,2005
Karol Beck,70.87%,360,508,47,2005
Florian Mayer,70.08%,356,508,46,2005
Christophe Rochus,67.28%,331,492,46,2005
Andy Roddick,90.43%,718,794,69,2006
Roger Federer,90.15%,"1,108","1,229",97,2006
Ivan Ljubicic,88.28%,889,"1,007",81,2006
Rafael Nadal,86.37%,754,873,71,2006
Mario Ancic,85.57%,783,915,73,2006
Tommy Haas,85.17%,712,836,70,2006
Radek Stepanek,84.72%,499,589,45,2006
Max Mirnyi,83.72%,504,602,47,2006
Robin Soderling,83.26%,537,645,58,2006
Nicolas Almagro,83.02%,440,530,47,2006
Richard Gasquet,82.86%,498,601,55,2006
Fernando Gonzalez,82.35%,728,884,71,2006
Paradorn Srichaphan,82.33%,615,747,62,2006
Marat Safin,82.26%,598,727,60,2006
Kristof Vliegen,82.08%,522,636,55,2006
Tomas Berdych,81.53%,684,839,72,2006
Carlos Moya,81.50%,533,654,51,2006
Novak Djokovic,81.29%,530,652,58,2006
Jose Acasuso,81.14%,486,599,54,2006
Agustin Calleri,81.14%,456,562,51,2006
Nikolay Davydenko,80.29%,872,"1,086",98,2006
Feliciano Lopez,79.87%,492,616,48,2006
Jarkko Nieminen,79.85%,753,943,82,2006
Tommy Robredo,79.78%,742,930,78,2006
Tim Henman,79.77%,481,603,51,2006
Stan Wawrinka,79.72%,570,715,57,2006
James Blake,79.58%,787,989,84,2006
Xavier Malisse,79.53%,536,674,55,2006
Dmitry Tursunov,79.14%,755,954,76,2006
Nicolas Massu,79.07%,593,750,65,2006
David Nalbandian,78.91%,595,754,63,2006
Marcos Baghdatis,78.34%,568,725,57,2006
Arnaud Clement,78.27%,425,543,49,2006
Fernando Verdasco,78.10%,585,749,58,2006
Juan Carlos Ferrero,77.93%,519,666,51,2006
Robby Ginepri,77.67%,487,627,50,2006
Paul-Henri Mathieu,77.58%,474,611,51,2006
Philipp Kohlschreiber,77.15%,395,512,44,2006
Olivier Rochus,77.02%,496,644,53,2006
Sebastien Grosjean,76.71%,481,627,48,2006
Jurgen Melzer,76.60%,527,688,59,2006
Florian Mayer,76.55%,382,499,47,2006
Lleyton Hewitt,76.06%,486,639,48,2006
Juan Ignacio Chela,75.81%,470,620,56,2006
Julien Benneteau,74.78%,430,575,46,2006
Mikhail Youzhny,74.58%,402,539,46,2006
Vincent Spadea,74.14%,390,526,45,2006
Dominik Hrbaty,73.73%,522,708,60,2006
Ruben Ramirez Hidalgo,73.68%,392,532,45,2006
David Ferrer,72.75%,582,800,67,2006
Florent Serra,72.74%,435,598,49,2006
Andy Murray,72.30%,543,751,65,2006
Gaston Gaudio,71.33%,433,607,48,2006
Andreas Seppi,70.76%,392,554,50,2006
Gilles Simon,70.33%,403,573,48,2006
Filippo Volandri,69.28%,415,599,61,2006
Ivo Karlovic,94.47%,820,868,64,2007
Andy Roddick,90.85%,715,787,70,2007
Roger Federer,89.19%,866,971,77,2007
Ivan Ljubicic,87.40%,770,881,67,2007
Rafael Nadal,86.19%,849,985,85,2007
Tomas Berdych,86.07%,655,761,70,2007
Tommy Haas,84.80%,558,658,56,2007
Feliciano Lopez,84.56%,564,667,52,2007
Radek Stepanek,84.55%,487,576,49,2007
Novak Djokovic,83.89%,901,"1,074",87,2007
James Blake,83.65%,742,887,78,2007
Lleyton Hewitt,82.85%,512,618,51,2007
Paul-Henri Mathieu,82.53%,666,807,70,2007
Benjamin Becker,81.97%,491,599,53,2007
Richard Gasquet,81.95%,663,809,73,2007
Mikhail Youzhny,81.92%,666,813,74,2007
Fernando Gonzalez,81.88%,610,745,61,2007
Arnaud Clement,81.83%,491,600,50,2007
Dmitry Tursunov,81.78%,534,653,51,2007
Marcos Baghdatis,81.66%,668,818,70,2007
Nicolas Almagro,81.49%,568,697,61,2007
Carlos Moya,81.39%,656,806,65,2007
Thomas Johansson,81.24%,459,565,51,2007
Mardy Fish,81.00%,469,579,47,2007
Andy Murray,80.53%,488,606,57,2007
David Nalbandian,80.44%,514,639,49,2007
Marc Gicquel,80.33%,433,539,46,2007
Igor Andreev,80.09%,563,703,63,2007
Philipp Kohlschreiber,79.61%,535,672,60,2007
Fernando Verdasco,79.59%,589,740,62,2007
Hyung-Taik Lee,79.52%,435,547,48,2007
Guillermo Canas,79.33%,541,682,60,2007
Tommy Robredo,79.24%,710,896,75,2007
Juan Martin del Potro,79.01%,448,567,53,2007
David Ferrer,78.77%,731,928,84,2007
Agustin Calleri,78.71%,488,620,49,2007
Juan Monaco,78.70%,580,737,60,2007
Juan Carlos Ferrero,78.47%,543,692,57,2007
Nikolay Davydenko,78.13%,804,"1,029",84,2007
Stan Wawrinka,78.03%,444,569,45,2007
Potito Starace,77.54%,466,601,51,2007
Juan Ignacio Chela,76.58%,618,807,65,2007
Jarkko Nieminen,76.23%,526,690,60,2007
Jurgen Melzer,75.76%,400,528,48,2007
Andreas Seppi,75.63%,391,517,46,2007
Albert Montanes,75.19%,403,536,48,2007
Stefan Koubek,75.00%,438,584,50,2007
Vincent Spadea,74.27%,456,614,52,2007
Olivier Rochus,73.63%,349,474,45,2007
Julien Benneteau,73.07%,426,583,50,2007
Evgeny Korolev,73.03%,371,508,44,2007
Gilles Simon,71.79%,514,716,61,2007
Filippo Volandri,65.32%,324,496,45,2007
Andy Roddick,91.15%,711,780,67,2008
Ivo Karlovic,90.38%,648,717,57,2008
Roger Federer,89.16%,921,"1,033",81,2008
Robin Soderling,87.77%,646,736,66,2008
Rafael Nadal,87.76%,925,"1,054",93,2008
Novak Djokovic,86.99%,829,953,81,2008
Mario Ancic,86.07%,482,560,48,2008
Jo-Wilfried Tsonga,86.01%,535,622,48,2008
Radek Stepanek,85.96%,606,705,56,2008
Feliciano Lopez,85.82%,563,656,53,2008
Michael Llodra,85.45%,470,550,44,2008
Fernando Gonzalez,84.78%,585,690,54,2008
Tomas Berdych,84.20%,533,633,57,2008
Richard Gasquet,84.08%,544,647,54,2008
Nicolas Almagro,83.96%,513,611,52,2008
Igor Andreev,83.90%,766,913,75,2008
Paul-Henri Mathieu,83.84%,612,730,60,2008
Philipp Kohlschreiber,83.73%,494,590,53,2008
Dmitry Tursunov,83.60%,571,683,56,2008
Ernests Gulbis,82.89%,470,567,46,2008
Simone Bolelli,82.84%,565,682,59,2008
Juan Martin del Potro,82.69%,535,647,62,2008
Marin Cilic,82.60%,641,776,62,2008
Janko Tipsarevic,82.48%,499,605,47,2008
Nikolay Davydenko,82.01%,684,834,77,2008
Carlos Moya,81.69%,531,650,51,2008
Andy Murray,81.61%,719,881,74,2008
James Blake,81.40%,700,860,71,2008
Jurgen Melzer,81.20%,570,702,56,2008
Mardy Fish,80.97%,549,678,55,2008
Marat Safin,80.91%,500,618,48,2008
Mikhail Youzhny,80.90%,483,597,50,2008
Agustin Calleri,80.68%,401,497,44,2008
Sam Querrey,80.63%,541,671,54,2008
David Nalbandian,80.36%,495,616,60,2008
Gael Monfils,79.64%,442,555,47,2008
Victor Hanescu,79.54%,447,562,46,2008
Gilles Simon,79.51%,772,971,78,2008
Steve Darcis,78.57%,352,448,44,2008
Fernando Verdasco,78.35%,684,873,74,2008
David Ferrer,78.31%,610,779,67,2008
Stan Wawrinka,78.25%,565,722,59,2008
Tommy Robredo,78.02%,543,696,60,2008
Robby Ginepri,77.90%,437,561,45,2008
Albert Montanes,77.88%,419,538,47,2008
Marc Gicquel,77.76%,430,553,45,2008
Jose Acasuso,76.73%,432,563,53,2008
Potito Starace,76.45%,370,484,44,2008
Andreas Seppi,76.33%,561,735,60,2008
Rainer Schuettler,76.18%,435,571,44,2008
Guillermo Canas,75.15%,387,515,44,2008
Jarkko Nieminen,74.64%,471,631,54,2008
Florent Serra,73.68%,392,532,44,2008
Juan Monaco,71.16%,380,534,48,2008
Ivo Karlovic,92.22%,545,591,46,2009
Andy Roddick,90.82%,752,828,63,2009
Roger Federer,90.09%,909,"1,009",73,2009
Jo-Wilfried Tsonga,89.33%,795,890,73,2009
John Isner,89.18%,544,610,45,2009
Fernando Gonzalez,88.01%,653,742,55,2009
Sam Querrey,86.06%,679,789,64,2009
Robin Soderling,86.05%,734,853,70,2009
Andy Murray,85.30%,766,898,77,2009
Ivan Ljubicic,85.20%,587,689,55,2009
Tommy Haas,85.16%,568,667,48,2009
Fernando Verdasco,84.62%,809,956,77,2009
Novak Djokovic,84.55%,963,"1,139",97,2009
Gael Monfils,84.41%,612,725,61,2009
Juan Martin del Potro,84.22%,731,868,70,2009
Rafael Nadal,83.70%,729,871,80,2009
Marin Cilic,83.62%,689,824,69,2009
Nikolay Davydenko,83.16%,716,861,74,2009
James Blake,82.41%,445,540,45,2009
Philipp Kohlschreiber,82.29%,646,785,65,2009
Nicolas Almagro,82.01%,588,717,54,2009
Jeremy Chardy,81.97%,600,732,63,2009
Gilles Simon,81.94%,735,897,74,2009
Tommy Robredo,81.00%,678,837,71,2009
Tomas Berdych,80.90%,593,733,62,2009
Lleyton Hewitt,80.90%,538,665,54,2009
Stan Wawrinka,80.86%,490,606,51,2009
Andreas Beck,80.86%,431,533,44,2009
Jurgen Melzer,80.73%,578,716,65,2009
Radek Stepanek,80.46%,626,778,68,2009
Igor Andreev,80.03%,569,711,60,2009
Victor Hanescu,79.97%,551,689,60,2009
Janko Tipsarevic,79.87%,488,611,55,2009
Mikhail Youzhny,79.80%,636,797,70,2009
Marc Gicquel,78.68%,428,544,46,2009
Ernests Gulbis,78.65%,420,534,46,2009
Juan Carlos Ferrero,78.34%,510,651,55,2009
Paul-Henri Mathieu,78.20%,531,679,57,2009
David Ferrer,77.36%,598,773,68,2009
Julien Benneteau,77.29%,531,687,54,2009
Albert Montanes,76.33%,403,528,45,2009
Florent Serra,76.04%,476,626,53,2009
Juan Monaco,75.71%,477,630,62,2009
Guillermo Garcia-Lopez,74.72%,470,629,55,2009
Andreas Seppi,73.58%,479,651,55,2009
Viktor Troicki,73.37%,460,627,61,2009
Igor Kunitsyn,71.74%,396,552,47,2009
Rainer Schuettler,69.83%,368,527,45,2009
Fabio Fognini,65.74%,330,502,46,2009
Andy Roddick,91.13%,791,868,66,2010
Rafael Nadal,90.11%,902,"1,001",81,2010
John Isner,89.85%,823,916,62,2010
Roger Federer,89.29%,875,980,78,2010
Tomas Berdych,86.81%,750,864,71,2010
Sam Querrey,86.17%,698,810,63,2010
Jo-Wilfried Tsonga,86.00%,522,607,47,2010
Robin Soderling,85.99%,810,942,79,2010
Feliciano Lopez,85.03%,494,581,50,2010
Mardy Fish,84.85%,549,647,54,2010
Thiemo de Bakker,84.52%,524,620,52,2010
Stan Wawrinka,84.40%,541,641,55,2010
Ernests Gulbis,84.32%,457,542,51,2010
Nicolas Almagro,84.30%,757,898,70,2010
Marin Cilic,84.14%,647,769,62,2010
Ivan Ljubicic,84.01%,473,563,45,2010
Richard Gasquet,83.98%,608,724,60,2010
Andy Murray,83.57%,661,791,64,2010
Michael Llodra,83.48%,460,551,51,2010
Gael Monfils,82.72%,656,793,66,2010
Jurgen Melzer,82.71%,756,914,76,2010
Philipp Kohlschreiber,82.57%,597,723,61,2010
Novak Djokovic,82.25%,746,907,79,2010
Nikolay Davydenko,81.79%,458,560,49,2010
Janko Tipsarevic,81.75%,421,515,48,2010
Victor Hanescu,81.61%,488,598,50,2010
David Ferrer,81.37%,773,950,84,2010
Jarkko Nieminen,81.17%,543,669,57,2010
Juan Carlos Ferrero,80.78%,433,536,47,2010
Benjamin Becker,80.68%,522,647,60,2010
Mikhail Youzhny,80.54%,621,771,62,2010
Fernando Verdasco,80.22%,665,829,65,2010
Marcos Baghdatis,80.19%,660,823,70,2010
Santiago Giraldo,80.08%,386,482,44,2010
Viktor Troicki,79.89%,576,721,67,2010
Denis Istomin,79.72%,574,720,61,2010
Michael Berrer,79.69%,459,576,48,2010
Albert Montanes,79.56%,576,724,61,2010
Xavier Malisse,79.42%,440,554,45,2010
Potito Starace,78.74%,426,541,51,2010
Jeremy Chardy,78.25%,493,630,55,2010
Guillermo Garcia-Lopez,78.10%,517,662,54,2010
Alexandr Dolgopolov,78.07%,438,561,44,2010
Thomaz Bellucci,77.76%,549,706,59,2010
Andrey Golubev,77.50%,341,440,45,2010
Sergiy Stakhovsky,77.21%,454,588,52,2010
Horacio Zeballos,76.39%,385,504,44,2010
Juan Monaco,76.20%,445,584,50,2010
Andreas Seppi,76.17%,473,621,52,2010
Julien Benneteau,75.94%,426,561,45,2010
Florent Serra,75.17%,439,584,46,2010
Juan Ignacio Chela,72.85%,432,593,52,2010
John Isner,90.69%,711,784,55,2011
Roger Federer,89.60%,810,904,73,2011
Milos Raonic,88.19%,530,601,47,2011
Juan Martin del Potro,88.16%,618,701,61,2011
Andy Roddick,86.56%,496,573,47,2011
Jo-Wilfried Tsonga,86.49%,864,999,77,2011
Novak Djokovic,86.43%,777,899,75,2011
Kevin Anderson,85.70%,701,818,66,2011
Feliciano Lopez,85.57%,670,783,60,2011
Tomas Berdych,84.84%,705,831,73,2011
Robin Soderling,84.51%,491,581,46,2011
Janko Tipsarevic,84.23%,705,837,74,2011
Mardy Fish,84.23%,673,799,66,2011
David Ferrer,83.45%,746,894,74,2011
Rafael Nadal,83.26%,786,944,78,2011
Ivan Ljubicic,83.03%,460,554,44,2011
Marin Cilic,82.94%,603,727,62,2011
Nicolas Almagro,82.40%,721,875,70,2011
Richard Gasquet,82.10%,500,609,51,2011
Philipp Petzschner,81.53%,437,536,44,2011
Gael Monfils,81.23%,567,698,53,2011
Fernando Verdasco,80.86%,583,721,58,2011
Andy Murray,80.44%,654,813,65,2011
Philipp Kohlschreiber,80.19%,510,636,54,2011
Stan Wawrinka,80.14%,561,700,52,2011
Marcos Baghdatis,79.82%,534,669,53,2011
Xavier Malisse,79.72%,452,567,48,2011
Alexandr Dolgopolov,78.63%,633,805,67,2011
Radek Stepanek,78.36%,478,610,54,2011
Alex Bogomolov Jr.,78.19%,459,587,48,2011
Thomaz Bellucci,77.98%,478,613,47,2011
Gilles Simon,77.80%,638,820,63,2011
Florian Mayer,77.63%,583,751,69,2011
Mikhail Youzhny,77.54%,497,641,49,2011
Potito Starace,77.42%,432,558,48,2011
Ivan Dodig,77.03%,446,579,49,2011
Andreas Seppi,76.95%,464,603,49,2011
Robin Haase,76.85%,488,635,49,2011
Kei Nishikori,76.56%,490,640,54,2011
Santiago Giraldo,76.32%,506,663,55,2011
Viktor Troicki,76.22%,532,698,61,2011
Marcel Granollers,75.13%,429,571,52,2011
Sergiy Stakhovsky,75.04%,427,569,48,2011
Albert Montanes,74.78%,430,575,47,2011
Jarkko Nieminen,74.56%,425,570,45,2011
Nikolay Davydenko,73.87%,424,574,50,2011
Juan Monaco,73.56%,448,609,52,2011
Juan Ignacio Chela,72.93%,466,639,52,2011
Guillermo Garcia-Lopez,72.43%,444,613,49,2011
Pablo Andujar,70.22%,389,554,53,2011
Fabio Fognini,68.21%,412,604,49,2011
Milos Raonic,92.66%,757,817,62,2012
John Isner,91.56%,792,865,60,2012
Roger Federer,90.98%,948,"1,042",80,2012
Rafael Nadal,87.77%,495,564,48,2012
Juan Martin del Potro,87.46%,851,973,79,2012
Novak Djokovic,87.05%,934,"1,073",87,2012
Tomas Berdych,86.88%,828,953,77,2012
Jo-Wilfried Tsonga,86.13%,838,973,76,2012
Feliciano Lopez,85.97%,570,663,53,2012
Nicolas Almagro,85.80%,840,979,75,2012
David Ferrer,85.46%,858,"1,004",85,2012
Kevin Anderson,85.42%,621,727,56,2012
Sam Querrey,85.30%,679,796,61,2012
Philipp Kohlschreiber,84.76%,723,853,66,2012
Andy Murray,83.86%,800,954,72,2012
Richard Gasquet,83.77%,645,770,64,2012
Janko Tipsarevic,83.22%,823,989,81,2012
Stan Wawrinka,82.37%,598,726,53,2012
Tommy Haas,82.30%,465,565,47,2012
Jeremy Chardy,81.57%,425,521,44,2012
Fernando Verdasco,81.43%,513,630,54,2012
Alexandr Dolgopolov,80.97%,600,741,59,2012
Denis Istomin,80.66%,584,724,57,2012
Marin Cilic,80.64%,558,692,56,2012
Marcos Baghdatis,80.58%,552,685,58,2012
Ryan Harrison,80.55%,443,550,44,2012
Mikhail Youzhny,80.15%,529,660,54,2012
Xavier Malisse,79.92%,418,523,45,2012
Julien Benneteau,79.26%,512,646,49,2012
Radek Stepanek,79.02%,437,553,45,2012
Thomaz Bellucci,78.77%,434,551,45,2012
Kei Nishikori,78.25%,482,616,52,2012
Florian Mayer,78.13%,400,512,45,2012
Andreas Seppi,77.81%,568,730,61,2012
Bernard Tomic,77.05%,450,584,48,2012
Juan Monaco,76.97%,518,673,55,2012
Gilles Simon,76.95%,621,807,66,2012
Lukasz Kubot,75.44%,427,566,48,2012
Jarkko Nieminen,74.78%,433,579,51,2012
Albert Ramos-Vinolas,74.24%,464,625,55,2012
Marcel Granollers,73.84%,412,558,45,2012
Viktor Troicki,73.76%,492,667,52,2012
Nikolay Davydenko,73.69%,409,555,47,2012
Benoit Paire,73.17%,480,656,52,2012
Guillermo Garcia-Lopez,72.81%,399,548,45,2012
Carlos Berlocq,71.57%,438,612,55,2012
Fabio Fognini,69.54%,395,568,45,2012
Pablo Andujar,67.18%,391,582,48,2012
Milos Raonic,91.37%,699,765,60,2013
John Isner,90.05%,751,834,60,2013
Rafael Nadal,88.06%,804,913,81,2013
Jo-Wilfried Tsonga,88.01%,587,667,52,2013
Novak Djokovic,87.97%,870,989,76,2013
Roger Federer,86.63%,687,793,62,2013
Juan Martin del Potro,86.49%,749,866,67,2013
Tomas Berdych,85.98%,791,920,74,2013
Kevin Anderson,85.64%,668,780,60,2013
Nicolas Almagro,84.92%,676,796,65,2013
Stan Wawrinka,84.75%,778,918,71,2013
Philipp Kohlschreiber,84.66%,585,691,55,2013
Daniel Brands,84.56%,471,557,46,2013
Andy Murray,84.52%,535,633,49,2013
Sam Querrey,83.84%,498,594,45,2013
Tommy Haas,83.59%,713,853,68,2013
Feliciano Lopez,83.52%,532,637,49,2013
Grigor Dimitrov,83.45%,575,689,58,2013
Richard Gasquet,83.19%,767,922,71,2013
Ernests Gulbis,83.12%,512,616,50,2013
Denis Istomin,82.30%,609,740,59,2013
Ivan Dodig,81.51%,573,703,56,2013
Jeremy Chardy,81.41%,508,624,47,2013
Fernando Verdasco,81.12%,550,678,50,2013
Dmitry Tursunov,80.97%,485,599,50,2013
Robin Haase,80.38%,557,693,54,2013
Gael Monfils,80.32%,551,686,55,2013
Mikhail Youzhny,79.86%,662,829,63,2013
Edouard Roger-Vasselin,78.95%,480,608,49,2013
Tommy Robredo,78.68%,550,699,56,2013
David Ferrer,78.52%,837,"1,066",84,2013
Lukas Rosol,78.24%,428,547,46,2013
Kei Nishikori,77.78%,462,594,53,2013
Florian Mayer,77.67%,466,600,52,2013
Jurgen Melzer,77.44%,460,594,48,2013
Jarkko Nieminen,77.18%,558,723,57,2013
Julien Benneteau,77.15%,493,639,52,2013
Alexandr Dolgopolov,76.92%,410,533,46,2013
Andreas Seppi,76.67%,562,733,55,2013
Carlos Berlocq,76.24%,430,564,49,2013
Benoit Paire,75.94%,565,744,62,2013
Roberto Bautista Agut,75.40%,429,569,48,2013
Marcel Granollers,74.92%,448,598,50,2013
Nikolay Davydenko,74.90%,367,490,44,2013
Gilles Simon,73.77%,523,709,58,2013
Fabio Fognini,72.68%,556,765,67,2013
Pablo Andujar,69.66%,388,557,49,2013
John Isner,93.06%,724,778,57,2014
Ivo Karlovic,92.65%,744,803,64,2014
Roger Federer,90.75%,922,"1,016",78,2014
Milos Raonic,89.97%,807,897,67,2014
Novak Djokovic,87.71%,785,895,69,2014
Jo-Wilfried Tsonga,87.28%,583,668,50,2014
Sam Querrey,86.73%,523,603,45,2014
Grigor Dimitrov,86.47%,754,872,67,2014
Feliciano Lopez,86.30%,693,803,64,2014
Tomas Berdych,86.26%,791,917,74,2014
Jack Sock,86.19%,468,543,47,2014
Stan Wawrinka,85.92%,592,689,51,2014
Kevin Anderson,85.91%,701,816,62,2014
Rafael Nadal,85.27%,608,713,59,2014
Ernests Gulbis,84.88%,651,767,62,2014
Marin Cilic,84.86%,768,905,72,2014
Tommy Robredo,84.57%,773,914,69,2014
Philipp Kohlschreiber,84.26%,621,737,61,2014
Kei Nishikori,83.88%,692,825,66,2014
Richard Gasquet,83.54%,477,571,47,2014
Leonardo Mayer,82.44%,493,598,46,2014
Gael Monfils,82.30%,493,599,47,2014
Jeremy Chardy,82.18%,632,769,60,2014
Fernando Verdasco,81.86%,528,645,46,2014
Edouard Roger-Vasselin,81.64%,507,621,49,2014
Julien Benneteau,81.59%,483,592,47,2014
Alexandr Dolgopolov,81.50%,489,600,48,2014
Denis Istomin,81.27%,525,646,51,2014
Roberto Bautista Agut,81.13%,662,816,64,2014
Andy Murray,80.83%,763,944,75,2014
Federico Delbonis,80.72%,448,555,47,2014
Yen-Hsun Lu,79.84%,404,506,45,2014
Benjamin Becker,79.45%,491,618,53,2014
David Ferrer,78.72%,751,954,78,2014
Jerzy Janowicz,78.50%,493,628,46,2014
Lukas Rosol,78.44%,484,617,53,2014
Gilles Simon,78.31%,527,673,52,2014
Santiago Giraldo,77.88%,493,633,55,2014
Dominic Thiem,77.12%,428,555,44,2014
Andreas Seppi,77.02%,486,631,50,2014
Jarkko Nieminen,76.61%,465,607,49,2014
Marinko Matosevic,76.42%,418,547,44,2014
Guillermo Garcia-Lopez,73.60%,488,663,51,2014
Pablo Andujar,73.28%,351,479,44,2014
Fabio Fognini,72.87%,521,715,60,2014
Marcel Granollers,72.67%,436,600,47,2014
Joao Sousa,71.54%,475,664,57,2014
Ivo Karlovic,95.51%,873,914,63,2015
Milos Raonic,93.97%,608,647,47,2015
John Isner,93.27%,846,907,68,2015
Roger Federer,91.91%,818,890,72,2015
Novak Djokovic,89.46%,968,"1,082",87,2015
Kevin Anderson,88.64%,835,942,70,2015
Jo-Wilfried Tsonga,88.06%,575,653,47,2015
Gilles Muller,87.19%,626,718,55,2015
Richard Gasquet,86.44%,663,767,60,2015
Vasek Pospisil,86.06%,531,617,46,2015
Stan Wawrinka,86.00%,848,986,72,2015
Sam Querrey,85.79%,477,556,44,2015
Kei Nishikori,85.78%,694,809,66,2015
Leonardo Mayer,85.45%,505,591,47,2015
Marin Cilic,85.25%,636,746,54,2015
Tomas Berdych,84.94%,801,943,79,2015
Feliciano Lopez,84.89%,680,801,58,2015
Gael Monfils,84.37%,556,659,51,2015
Steve Johnson,84.26%,680,807,63,2015
Simone Bolelli,84.14%,520,618,52,2015
Andy Murray,84.02%,820,976,77,2015
Dominic Thiem,83.75%,634,757,62,2015
Fernando Verdasco,83.72%,581,694,50,2015
Bernard Tomic,83.67%,697,833,63,2015
Rafael Nadal,83.32%,804,965,80,2015
Jack Sock,83.23%,516,620,51,2015
Roberto Bautista Agut,83.14%,700,842,70,2015
Grigor Dimitrov,82.59%,574,695,54,2015
Philipp Kohlschreiber,82.04%,507,618,51,2015
Jeremy Chardy,81.92%,580,708,54,2015
Alexandr Dolgopolov,81.08%,510,629,51,2015
Sergiy Stakhovsky,80.92%,458,566,45,2015
Viktor Troicki,80.80%,644,797,60,2015
Jiri Vesely,80.39%,496,617,51,2015
David Ferrer,80.00%,660,825,69,2015
Marcos Baghdatis,79.93%,462,578,45,2015
Pablo Cuevas,79.88%,528,661,53,2015
Thomaz Bellucci,78.83%,540,685,56,2015
Joao Sousa,78.80%,606,769,64,2015
Guillermo Garcia-Lopez,78.42%,545,695,56,2015
David Goffin,78.25%,536,685,57,2015
Adrian Mannarino,78.06%,530,679,57,2015
Lukas Rosol,78.05%,473,606,47,2015
Andreas Seppi,77.59%,471,607,49,2015
Andreas Haider-Maurer,76.52%,414,541,45,2015
Gilles Simon,76.40%,612,801,63,2015
Santiago Giraldo,75.69%,386,510,46,2015
Borna Coric,75.29%,460,611,51,2015
Martin Klizan,75.12%,462,615,51,2015
Fabio Fognini,73.50%,477,649,55,2015
John Isner,93.24%,703,754,50,2016
Ivo Karlovic,92.74%,690,744,54,2016
Milos Raonic,90.56%,825,911,69,2016
Nick Kyrgios,88.72%,598,674,53,2016
Gilles Muller,87.99%,630,716,59,2016
Jo-Wilfried Tsonga,87.66%,561,640,51,2016
Marin Cilic,86.91%,677,779,65,2016
Novak Djokovic,86.21%,725,841,72,2016
Stan Wawrinka,86.05%,740,860,64,2016
Sam Querrey,85.32%,581,681,51,2016
Andy Murray,85.13%,859,"1,009",83,2016
Tomas Berdych,84.86%,628,740,57,2016
Steve Johnson,84.56%,564,667,58,2016
Pablo Cuevas,84.49%,599,709,57,2016
Feliciano Lopez,84.30%,596,707,53,2016
Jack Sock,84.19%,591,702,55,2016
Gael Monfils,83.36%,551,661,60,2016
Kei Nishikori,83.12%,729,877,77,2016
Dominic Thiem,82.67%,816,987,80,2016
Bernard Tomic,82.54%,553,670,51,2016
Grigor Dimitrov,81.36%,694,853,65,2016
Rafael Nadal,81.00%,439,542,53,2016
Philipp Kohlschreiber,80.95%,459,567,51,2016
Nicolas Almagro,80.88%,478,591,44,2016
Alexander Zverev,80.39%,693,862,66,2016
Lucas Pouille,80.38%,586,729,53,2016
Fernando Verdasco,80.12%,528,659,55,2016
Roberto Bautista Agut,80.07%,675,843,69,2016
Andrey Kuznetsov,80.00%,440,550,47,2016
Federico Delbonis,79.44%,479,603,47,2016
Richard Gasquet,78.99%,455,576,50,2016
Marcos Baghdatis,78.97%,458,580,49,2016
David Ferrer,78.76%,519,659,56,2016
Viktor Troicki,78.53%,600,764,61,2016
David Goffin,77.91%,677,869,71,2016
Pablo Carreno Busta,77.42%,600,775,66,2016
Marcel Granollers,77.01%,412,535,46,2016
Albert Ramos-Vinolas,76.95%,621,807,65,2016
Guillermo Garcia-Lopez,76.37%,488,639,53,2016
Adrian Mannarino,75.50%,490,649,54,2016
Fabio Fognini,74.01%,393,531,47,2016
Gilles Simon,73.66%,523,710,58,2016
Joao Sousa,73.65%,517,702,58,2016
Paolo Lorenzi,72.97%,405,555,49,2016
Benoit Paire,70.49%,473,671,55,2016
John Isner,92.91%,747,804,57,2017
Roger Federer,91.32%,684,749,57,2017
Kevin Anderson,90.40%,650,719,53,2017
Gilles Muller,89.76%,596,664,50,2017
Rafael Nadal,89.24%,838,939,78,2017
Jo-Wilfried Tsonga,88.41%,557,630,49,2017
Tomas Berdych,86.88%,576,663,53,2017
Grigor Dimitrov,86.72%,751,866,68,2017
Sam Querrey,85.17%,626,735,55,2017
Marin Cilic,85.14%,716,841,64,2017
Alexander Zverev,84.84%,800,943,75,2017
Juan Martin del Potro,84.66%,574,678,54,2017
Steve Johnson,83.85%,545,650,51,2017
Borna Coric,83.39%,517,620,50,2017
Philipp Kohlschreiber,83.33%,500,600,50,2017
Dominic Thiem,83.14%,774,931,74,2017
Lucas Pouille,83.09%,580,698,54,2017
Kyle Edmund,82.83%,603,728,56,2017
Feliciano Lopez,82.66%,534,646,48,2017
Richard Gasquet,82.10%,477,581,46,2017
Jan-Lennard Struff,81.87%,542,662,55,2017
Jack Sock,81.40%,604,742,57,2017
Mischa Zverev,81.04%,641,791,61,2017
Alexandr Dolgopolov,80.77%,462,572,49,2017
David Goffin,80.62%,757,939,77,2017
Karen Khachanov,80.12%,556,694,54,2017
Roberto Bautista Agut,79.47%,662,833,67,2017
Paolo Lorenzi,78.80%,576,731,56,2017
Robin Haase,78.69%,517,657,54,2017
Albert Ramos-Vinolas,78.50%,668,851,63,2017
Fernando Verdasco,77.96%,520,667,54,2017
Daniil Medvedev,77.82%,463,595,49,2017
Hyeon Chung,77.58%,398,513,44,2017
Jiri Vesely,77.54%,428,552,46,2017
Adrian Mannarino,77.53%,566,730,60,2017
Jared Donaldson,77.41%,442,571,46,2017
Pablo Carreno Busta,77.26%,564,730,59,2017
Joao Sousa,76.83%,494,643,52,2017
David Ferrer,76.34%,455,596,45,2017
Donald Young,75.83%,433,571,46,2017
Viktor Troicki,75.51%,441,584,50,2017
Benoit Paire,75.48%,548,726,62,2017
Fabio Fognini,74.89%,534,713,58,2017
Damir Dzumhur,73.06%,518,709,57,2017
Diego Schwartzman,72.18%,563,780,65,2017
Nikoloz Basilashvili,71.23%,401,563,48,2017
John Isner,93.60%,805,860,54,2018
Roger Federer,91.10%,686,753,58,2018
Milos Raonic,90.80%,533,587,45,2018
Kevin Anderson,89.06%,847,951,66,2018
Juan Martin del Potro,87.61%,672,767,60,2018
Novak Djokovic,87.23%,724,830,65,2018
Marin Cilic,86.99%,709,815,58,2018
Rafael Nadal,86.44%,529,612,47,2018
Karen Khachanov,86.40%,724,838,66,2018
Steve Johnson,85.81%,520,606,49,2018
Stefanos Tsitsipas,85.20%,783,919,73,2018
Dominic Thiem,85.18%,753,884,70,2018
Kyle Edmund,84.40%,622,737,57,2018
Borna Coric,83.54%,528,632,54,2018
Nicolas Jarry,82.97%,526,634,45,2018
Alexander Zverev,82.95%,754,909,73,2018
Pierre-Hugues Herbert,82.79%,505,610,45,2018
Jeremy Chardy,82.69%,473,572,45,2018
Denis Shapovalov,82.17%,659,802,60,2018
Philipp Kohlschreiber,82.09%,486,592,46,2018
Leonardo Mayer,82.06%,485,591,47,2018
Frances Tiafoe,81.76%,538,658,52,2018
Kei Nishikori,81.38%,638,784,64,2018
Daniil Medvedev,81.02%,619,764,64,2018
Jan-Lennard Struff,80.74%,499,618,47,2018
Gael Monfils,80.65%,525,651,49,2018
Roberto Bautista Agut,80.10%,499,623,51,2018
Alex de Minaur,80.07%,478,597,48,2018
Peter Gojowczyk,79.57%,444,558,48,2018
Fernando Verdasco,79.09%,609,770,61,2018
Andreas Seppi,79.03%,471,596,45,2018
Richard Gasquet,78.97%,492,623,56,2018
Guido Pella,78.61%,463,589,45,2018
Hyeon Chung,78.28%,429,548,47,2018
Pablo Carreno Busta,78.23%,503,643,52,2018
Marco Cecchinato,78.20%,470,601,46,2018
Dusan Lajovic,77.98%,464,595,46,2018
Gilles Simon,77.48%,523,675,56,2018
Fabio Fognini,77.26%,615,796,64,2018
Marton Fucsovics,76.98%,438,569,47,2018
Robin Haase,76.94%,544,707,52,2018
Joao Sousa,76.79%,526,685,51,2018
Mischa Zverev,76.79%,430,560,48,2018
Nikoloz Basilashvili,75.92%,514,677,55,2018
Adrian Mannarino,75.82%,511,674,54,2018
Albert Ramos-Vinolas,75.44%,424,562,46,2018
Diego Schwartzman,74.10%,492,664,55,2018
Benoit Paire,73.40%,505,688,54,2018
Damir Dzumhur,70.27%,442,629,54,2018
